/*
 Navicat Premium Data Transfer

 Source Server         : mysql
 Source Server Type    : MySQL
 Source Server Version : 50639
 Source Host           : localhost:3306
 Source Schema         : activity

 Target Server Type    : MySQL
 Target Server Version : 50639
 File Encoding         : 65001

 Date: 07/08/2021 20:04:24
*/

drop database if exists activity;
create database activity charset utf8;
use activity;

SET NAMES utf8mb4;
SET FOREIGN_KEY_CHECKS = 0;

-- ----------------------------
-- Table structure for activities
-- ----------------------------
DROP TABLE IF EXISTS `activities`;
CREATE TABLE `activities` (
  `activitiesid` varchar(255) NOT NULL,
  `title` varchar(255) DEFAULT NULL,
  `contents` varchar(255) DEFAULT NULL,
  `addtime` varchar(255) DEFAULT NULL,
  `hits` varchar(255) DEFAULT NULL,
  `num` varchar(255) DEFAULT NULL,
  `status` varchar(255) DEFAULT NULL,
  `memo` varchar(255) DEFAULT NULL,
  PRIMARY KEY (`activitiesid`)
) ENGINE=InnoDB DEFAULT CHARSET=utf8;

-- ----------------------------
-- Records of activities
-- ----------------------------
BEGIN;
INSERT INTO `activities` VALUES ('A20200304113527267', '社团主题月活动', '<p>社团主题月活动</p>\r\n', '2021-08-21', '13', '2', '未结束', '社团主题月活动');
INSERT INTO `activities` VALUES ('A20200304123346894', '多彩社团之歌唱比赛', '<p>多彩社团之歌唱比赛</p>\r\n', '2021-08-21', '5', '1', '未结束', '多彩社团之歌唱比赛');
INSERT INTO `activities` VALUES ('A20200304123352775', '多彩社团活动为“爱心托管”注入活力', '<p>多彩社团活动为“爱心托管”注入活力</p>\r\n', '2021-08-21', '1', '0', '未结束', '多彩社团活动为“爱心托管”注入活力');
COMMIT;

-- ----------------------------
-- Table structure for admin
-- ----------------------------
DROP TABLE IF EXISTS `admin`;
CREATE TABLE `admin` (
  `adminid` varchar(255) NOT NULL,
  `username` varchar(255) DEFAULT NULL,
  `password` varchar(255) DEFAULT NULL,
  `realname` varchar(255) DEFAULT NULL,
  `contact` varchar(255) DEFAULT NULL,
  `addtime` varchar(255) DEFAULT NULL,
  PRIMARY KEY (`adminid`)
) ENGINE=InnoDB DEFAULT CHARSET=utf8;

-- ----------------------------
-- Records of admin
-- ----------------------------
BEGIN;
INSERT INTO `admin` VALUES ('A20200304110857750', 'admin', 'admin', 'admin', '13888888888', '2021-08-21');
INSERT INTO `admin` VALUES ('A20210807172415443', 'tom', '123', '汤姆', '13666666666', '2021-08-07');
INSERT INTO `admin` VALUES ('A20210807172425106', 'jack', '123', '杰克', '13999999999', '2021-08-07');
COMMIT;

-- ----------------------------
-- Table structure for applys
-- ----------------------------
DROP TABLE IF EXISTS `applys`;
CREATE TABLE `applys` (
  `applysid` varchar(255) NOT NULL,
  `usersid` varchar(255) DEFAULT NULL,
  `title` varchar(255) DEFAULT NULL,
  `cateid` varchar(255) DEFAULT NULL,
  `money` varchar(255) DEFAULT NULL,
  `contents` varchar(255) DEFAULT NULL,
  `addtime` varchar(255) DEFAULT NULL,
  `status` varchar(255) DEFAULT NULL,
  PRIMARY KEY (`applysid`)
) ENGINE=InnoDB DEFAULT CHARSET=utf8;

-- ----------------------------
-- Records of applys
-- ----------------------------
BEGIN;
INSERT INTO `applys` VALUES ('A20200304114151783', 'U20200304113806523', '跳绳比赛活动经费', 'C20200304114127970', '1500', '<p>跳绳比赛活动经费</p>\r\n', '2021-08-21', '待审核');
INSERT INTO `applys` VALUES ('A20200304114200338', 'U20200304113806523', '需要5人一起准备活动', 'C20200304114134877', '0', '<p>需要5人一起准备活动</p>\r\n', '2021-08-21', '拒绝');
INSERT INTO `applys` VALUES ('A20200304114208847', 'U20200304113806523', '需要10人一起准备活动', 'C20200304114134877', '0', '<p>需要10人一起准备活动</p>\r\n', '2021-08-21', '通过审核');
INSERT INTO `applys` VALUES ('A20200304123813510', 'U20200304123641422', '需要3人一起准备活动月场地', 'C20200304114134877', '0', '<p>需要3人一起准备活动月场地</p>\r\n', '2021-08-21', '拒绝');
INSERT INTO `applys` VALUES ('A20200304123825793', 'U20200304123641422', '歌唱比赛活动经费', 'C20200304114127970', '2400', '<p>歌唱比赛活动经费</p>\r\n', '2021-08-21', '通过审核');
INSERT INTO `applys` VALUES ('A20200304123900296', 'U20200304123641422', '矿泉水两箱', 'C20200304114143438', '0', '<p>矿泉水两箱</p>\r\n', '2021-08-21', '待审核');
COMMIT;

-- ----------------------------
-- Table structure for article
-- ----------------------------
DROP TABLE IF EXISTS `article`;
CREATE TABLE `article` (
  `articleid` varchar(255) NOT NULL,
  `title` varchar(255) DEFAULT NULL,
  `bannerid` varchar(255) DEFAULT NULL,
  `image` varchar(255) DEFAULT NULL,
  `istop` varchar(255) DEFAULT NULL,
  `isflv` varchar(255) DEFAULT NULL,
  `contents` text,
  `addtime` varchar(255) DEFAULT NULL,
  `hits` varchar(255) DEFAULT NULL,
  PRIMARY KEY (`articleid`)
) ENGINE=InnoDB DEFAULT CHARSET=utf8;

-- ----------------------------
-- Records of article
-- ----------------------------
BEGIN;
INSERT INTO `article` VALUES ('A20210424162635255', '规章制度管理须知：财务工作细则', 'B20200304111915538', 'upfiles/20210424162632.jpeg', '是', '是', '<div class=\"index-module_textWrap_3ygOc\" style=\"color: rgb(0, 0, 0); font-family: arial; font-size: 12px;\">\r\n<p style=\"text-align:justify\">规章制度管理须知：财务工作细则</p>\r\n</div>\r\n\r\n<div class=\"index-module_textWrap_3ygOc\" style=\"margin-top: 22px; color: rgb(0, 0, 0); font-family: arial; font-size: 12px;\">\r\n<p style=\"text-align:justify\">一、相关工作</p>\r\n</div>\r\n\r\n<div class=\"index-module_textWrap_3ygOc\" style=\"margin-top: 22px; color: rgb(0, 0, 0); font-family: arial; font-size: 12px;\">\r\n<p style=\"text-align:justify\">1、向各会长宣读<strong>社团财务管理及考核制度</strong>，着重强调考核细则，并将电子档的考核制度传到群共享供各社团查阅，希望社团各位负责人能够认真阅读，并且执行到位。</p>\r\n</div>\r\n\r\n<div class=\"index-module_textWrap_3ygOc\" style=\"margin-top: 22px; color: rgb(0, 0, 0); font-family: arial; font-size: 12px;\">\r\n<p style=\"text-align:justify\"><strong>注</strong>：一切要求社团部转达社团的通知、任务若未按时通知到位，将追究社团部连带责任。</p>\r\n</div>\r\n\r\n<div class=\"index-module_textWrap_3ygOc\" style=\"margin-top: 22px; color: rgb(0, 0, 0); font-family: arial; font-size: 12px;\">\r\n<p style=\"text-align:justify\">2、社团招新时，需将收取会员会费的<strong>收据（必须三联的）</strong>交至社联财务部盖章，招新结束后则需上交收据中的一张复印件，同时上交制作会员证的工本费（一人两元），以便于会员证的顺利发放。</p>\r\n</div>\r\n\r\n<div class=\"index-module_textWrap_3ygOc\" style=\"margin-top: 22px; color: rgb(0, 0, 0); font-family: arial; font-size: 12px;\">\r\n<p style=\"text-align:justify\">3、社团拉到赞助后必须向社联财务部交<strong>赞助申请表</strong>。</p>\r\n</div>\r\n\r\n<div class=\"index-module_textWrap_3ygOc\" style=\"margin-top: 22px; color: rgb(0, 0, 0); font-family: arial; font-size: 12px;\">\r\n<p style=\"text-align:justify\"><strong>注</strong>：社团赞助申请表中赞助金额是赞助商给予的现金，折合总额是填赞助商的实物赞助折合人民币的价格，如实物赞助中横幅，海报等的价格。赞助商若是给予现金，社团去做横幅等实物时须开收据，标明各物品的准确价格，如要交与赞助商，则应该保留复印件两份，一份各社团备案，另一份与社团财务明细表一并交至社联存档。在指导老师意见一栏中需要社团挂靠学院的指导员签字并盖章。</p>\r\n</div>\r\n\r\n<div class=\"index-module_textWrap_3ygOc\" style=\"margin-top: 22px; color: rgb(0, 0, 0); font-family: arial; font-size: 12px;\">\r\n<p style=\"text-align:justify\">4、社团财务必须详细记录在<strong>社团财务明细表</strong>中。社团每次财务使用都应有相应的活动，所以每一个活动就必须有一张活动财务明细表，在每个月月底（30号前）上交至社联财务部，每一笔支出收入都要记录清楚，解释清楚如何填写财务明细表，（财务负责人签字处必须手写签字。）在每次活动结束后需要交到社联财务部处备案，同时要附上购买物资的收据复印件，要有赞助商提供的资金用于制作横幅等实物的收据复印件。如若赞助商需要制作横幅等收据，则须保留复印件两份，一份社团存档，一份与财务明细表一同交至社联财务部存档。</p>\r\n</div>\r\n\r\n<div class=\"index-module_textWrap_3ygOc\" style=\"margin-top: 22px; color: rgb(0, 0, 0); font-family: arial; font-size: 12px;\">\r\n<p style=\"text-align:justify\">5、社团在每学年初(社团招新后)必须上交一份财务清单，其中包括上学期财务结余及协会所拥有的固有资产（如会旗、会服、MP3、U盘等）。</p>\r\n</div>\r\n\r\n<div class=\"index-module_textWrap_3ygOc\" style=\"margin-top: 22px; color: rgb(0, 0, 0); font-family: arial; font-size: 12px;\">\r\n<p style=\"text-align:justify\">6、社团在学期期末必须上交<strong>活动年终报表</strong>，各社团在期末时需要填写年终财务报表，详细填写在本学期开展活动中的各项开支与收入，同时填写本学期期末剩余资金状况（精确至小数点后两位）。</p>\r\n</div>\r\n', '2021-08-24', '2');
INSERT INTO `article` VALUES ('A20210424162735235', '社团联合会章程 社联管理章程', 'B20200304111915538', 'upfiles/20210424162731.jpeg', '是', '是', '<div class=\"index-module_textWrap_3ygOc\" style=\"color: rgb(0, 0, 0); font-family: arial; font-size: 12px;\">\r\n<p style=\"text-align:justify\">第一章 总则</p>\r\n</div>\r\n\r\n<div class=\"index-module_textWrap_3ygOc\" style=\"margin-top: 22px; color: rgb(0, 0, 0); font-family: arial; font-size: 12px;\">\r\n<p style=\"text-align:justify\">第一条 本章程为贵州省凯里市第一中学校团委学生社团联合会会员共同协商制定。</p>\r\n</div>\r\n\r\n<div class=\"index-module_textWrap_3ygOc\" style=\"margin-top: 22px; color: rgb(0, 0, 0); font-family: arial; font-size: 12px;\">\r\n<p style=\"text-align:justify\">第二条 本章程是社联工作、社团管理的根本制度，对组织具有最高效力，任何社团章程不得与本章程相抵触。</p>\r\n</div>\r\n\r\n<div class=\"index-module_textWrap_3ygOc\" style=\"margin-top: 22px; color: rgb(0, 0, 0); font-family: arial; font-size: 12px;\">\r\n<p style=\"text-align:justify\">第三条 社团联合会的定义</p>\r\n</div>\r\n\r\n<div class=\"index-module_textWrap_3ygOc\" style=\"margin-top: 22px; color: rgb(0, 0, 0); font-family: arial; font-size: 12px;\">\r\n<p style=\"text-align:justify\">社团联合会是隶属我校团委的学生社团联盟组成的综合性管理组织。</p>\r\n</div>\r\n\r\n<div class=\"index-module_textWrap_3ygOc\" style=\"margin-top: 22px; color: rgb(0, 0, 0); font-family: arial; font-size: 12px;\">\r\n<p style=\"text-align:justify\">第四条 本组织中文全称为&ldquo;贵州省凯里市第一中学校团委学生社团联合会&rdquo;，中文简称&ldquo;社联&rdquo;，英文简称&ldquo;AU&rdquo;。</p>\r\n</div>\r\n\r\n<div class=\"index-module_textWrap_3ygOc\" style=\"margin-top: 22px; color: rgb(0, 0, 0); font-family: arial; font-size: 12px;\">\r\n<p style=\"text-align:justify\">第五条 职能：管理、服务、协调。协助团委管理社团，负责贯彻执行和具体组织实施工作。</p>\r\n</div>\r\n\r\n<div class=\"index-module_textWrap_3ygOc\" style=\"margin-top: 22px; color: rgb(0, 0, 0); font-family: arial; font-size: 12px;\">\r\n<p style=\"text-align:justify\">第六条 性质：学生社团联盟综合管理组织。</p>\r\n</div>\r\n\r\n<div class=\"index-module_textWrap_3ygOc\" style=\"margin-top: 22px; color: rgb(0, 0, 0); font-family: arial; font-size: 12px;\">\r\n<p style=\"text-align:justify\">第七条 宗旨：发展社团文化，一展一中风采。</p>\r\n</div>\r\n\r\n<div class=\"index-module_textWrap_3ygOc\" style=\"margin-top: 22px; color: rgb(0, 0, 0); font-family: arial; font-size: 12px;\">\r\n<p style=\"text-align:justify\">第八条 原则：民主集中制原则。</p>\r\n</div>\r\n\r\n<div class=\"index-module_textWrap_3ygOc\" style=\"margin-top: 22px; color: rgb(0, 0, 0); font-family: arial; font-size: 12px;\">\r\n<p style=\"text-align:justify\">第九条 负责制：实行全体干部责任制。</p>\r\n</div>\r\n\r\n<div class=\"index-module_textWrap_3ygOc\" style=\"margin-top: 22px; color: rgb(0, 0, 0); font-family: arial; font-size: 12px;\">\r\n<p style=\"text-align:justify\">第十条 管理制度：本章程以及团委规定的其他管理条例。</p>\r\n</div>\r\n\r\n<div class=\"index-module_textWrap_3ygOc\" style=\"margin-top: 22px; color: rgb(0, 0, 0); font-family: arial; font-size: 12px;\">\r\n<p style=\"text-align:justify\">第十一条 社联干部产生制</p>\r\n</div>\r\n\r\n<div class=\"index-module_textWrap_3ygOc\" style=\"margin-top: 22px; color: rgb(0, 0, 0); font-family: arial; font-size: 12px;\">\r\n<p style=\"text-align:justify\">（一）聘任制。指组织针对每年高一新生进行公开招聘；</p>\r\n</div>\r\n\r\n<div class=\"index-module_textWrap_3ygOc\" style=\"margin-top: 22px; color: rgb(0, 0, 0); font-family: arial; font-size: 12px;\">\r\n<p style=\"text-align:justify\">（二）选举制。指候选人在本组织至少有一学期的工作经验，由主席团召开会议进行投票选举；</p>\r\n</div>\r\n\r\n<div class=\"index-module_textWrap_3ygOc\" style=\"margin-top: 22px; color: rgb(0, 0, 0); font-family: arial; font-size: 12px;\">\r\n<p style=\"text-align:justify\">（三）社联干部聘任程序</p>\r\n</div>\r\n\r\n<div class=\"index-module_textWrap_3ygOc\" style=\"margin-top: 22px; color: rgb(0, 0, 0); font-family: arial; font-size: 12px;\">\r\n<p style=\"text-align:justify\">1）参加面试；</p>\r\n</div>\r\n\r\n<div class=\"index-module_textWrap_3ygOc\" style=\"margin-top: 22px; color: rgb(0, 0, 0); font-family: arial; font-size: 12px;\">\r\n<p style=\"text-align:justify\">2）参加笔试；</p>\r\n</div>\r\n\r\n<div class=\"index-module_textWrap_3ygOc\" style=\"margin-top: 22px; color: rgb(0, 0, 0); font-family: arial; font-size: 12px;\">\r\n<p style=\"text-align:justify\">3）试用考核；</p>\r\n</div>\r\n\r\n<div class=\"index-module_textWrap_3ygOc\" style=\"margin-top: 22px; color: rgb(0, 0, 0); font-family: arial; font-size: 12px;\">\r\n<p style=\"text-align:justify\">4）主席团复核；</p>\r\n</div>\r\n\r\n<div class=\"index-module_textWrap_3ygOc\" style=\"margin-top: 22px; color: rgb(0, 0, 0); font-family: arial; font-size: 12px;\">\r\n<p style=\"text-align:justify\">5）申报团委；</p>\r\n</div>\r\n\r\n<div class=\"index-module_textWrap_3ygOc\" style=\"margin-top: 22px; color: rgb(0, 0, 0); font-family: arial; font-size: 12px;\">\r\n<p style=\"text-align:justify\">6）领取聘书，正式上任；</p>\r\n</div>\r\n\r\n<div class=\"index-module_textWrap_3ygOc\" style=\"margin-top: 22px; color: rgb(0, 0, 0); font-family: arial; font-size: 12px;\">\r\n<p style=\"text-align:justify\">7）逐项进行，一项不过则被除名。</p>\r\n</div>\r\n\r\n<div class=\"index-module_textWrap_3ygOc\" style=\"margin-top: 22px; color: rgb(0, 0, 0); font-family: arial; font-size: 12px;\">\r\n<p style=\"text-align:justify\">（四）社联主席选举办法</p>\r\n</div>\r\n\r\n<div class=\"index-module_textWrap_3ygOc\" style=\"margin-top: 22px; color: rgb(0, 0, 0); font-family: arial; font-size: 12px;\">\r\n<p style=\"text-align:justify\">主席为组织核心领导，担任者是否具有职业素质与能力将一定程度上直接或间接决定我校社团联合会的发展，因此主席候选人考核更为严格。以下为候选人要求：</p>\r\n</div>\r\n\r\n<div class=\"index-module_textWrap_3ygOc\" style=\"margin-top: 22px; color: rgb(0, 0, 0); font-family: arial; font-size: 12px;\">\r\n<p style=\"text-align:justify\">1）候选人在本组织必须有一学期的工作经验；</p>\r\n</div>\r\n\r\n<div class=\"index-module_textWrap_3ygOc\" style=\"margin-top: 22px; color: rgb(0, 0, 0); font-family: arial; font-size: 12px;\">\r\n<p style=\"text-align:justify\">2）候选人无犯法、违反校纪校规以及被学校记过处分记录；</p>\r\n</div>\r\n\r\n<div class=\"index-module_textWrap_3ygOc\" style=\"margin-top: 22px; color: rgb(0, 0, 0); font-family: arial; font-size: 12px;\">\r\n<p style=\"text-align:justify\">3）候选人热衷组织事业，敢想敢做，敢为敢当，敢闯敢拼；</p>\r\n</div>\r\n\r\n<div class=\"index-module_textWrap_3ygOc\" style=\"margin-top: 22px; color: rgb(0, 0, 0); font-family: arial; font-size: 12px;\">\r\n<p style=\"text-align:justify\">4）形象良好，为人正直，品德端正，思想健康，乐于奉献，勤于协调；</p>\r\n</div>\r\n\r\n<div class=\"index-module_textWrap_3ygOc\" style=\"margin-top: 22px; color: rgb(0, 0, 0); font-family: arial; font-size: 12px;\">\r\n<p style=\"text-align:justify\">5）有较强的策划、管理、领导、执行能力；</p>\r\n</div>\r\n\r\n<div class=\"index-module_textWrap_3ygOc\" style=\"margin-top: 22px; color: rgb(0, 0, 0); font-family: arial; font-size: 12px;\">\r\n<p style=\"text-align:justify\">6）必须通过主席或主席团的秘密严格考核；</p>\r\n</div>\r\n\r\n<div class=\"index-module_textWrap_3ygOc\" style=\"margin-top: 22px; color: rgb(0, 0, 0); font-family: arial; font-size: 12px;\">\r\n<p style=\"text-align:justify\">7）必须获得主席或主席团提名；</p>\r\n</div>\r\n\r\n<div class=\"index-module_textWrap_3ygOc\" style=\"margin-top: 22px; color: rgb(0, 0, 0); font-family: arial; font-size: 12px;\">\r\n<p style=\"text-align:justify\">8）无兼任其他部门职务；</p>\r\n</div>\r\n\r\n<div class=\"index-module_textWrap_3ygOc\" style=\"margin-top: 22px; color: rgb(0, 0, 0); font-family: arial; font-size: 12px;\">\r\n<p style=\"text-align:justify\">9）候选人考核不通过或条件不满足，校团委有权直接任命合适人选；</p>\r\n</div>\r\n\r\n<div class=\"index-module_textWrap_3ygOc\" style=\"margin-top: 22px; color: rgb(0, 0, 0); font-family: arial; font-size: 12px;\">\r\n<p style=\"text-align:justify\">10）候选人考核不通过或条件不满足，经主席团会议通过，主席团有权直接任命合适人选；</p>\r\n</div>\r\n\r\n<div class=\"index-module_textWrap_3ygOc\" style=\"margin-top: 22px; color: rgb(0, 0, 0); font-family: arial; font-size: 12px;\">\r\n<p style=\"text-align:justify\">11）候选人考核不通过或条件不满足，经团委书记批准本章程可授权主席直接任命合适人选；</p>\r\n</div>\r\n\r\n<div class=\"index-module_textWrap_3ygOc\" style=\"margin-top: 22px; color: rgb(0, 0, 0); font-family: arial; font-size: 12px;\">\r\n<p style=\"text-align:justify\">12）非特殊情况不建议执行第9）、10）、11）项。</p>\r\n</div>\r\n\r\n<div class=\"index-module_textWrap_3ygOc\" style=\"margin-top: 22px; color: rgb(0, 0, 0); font-family: arial; font-size: 12px;\">\r\n<p style=\"text-align:justify\">第十二条 社联干部任期制：所有社联干部若无被罢免撤职正常任期为一到两年。社联干部不得兼任其他部门职务，一经发现，予以免职。</p>\r\n</div>\r\n\r\n<div class=\"index-module_textWrap_3ygOc\" style=\"margin-top: 22px; color: rgb(0, 0, 0); font-family: arial; font-size: 12px;\">\r\n<p style=\"text-align:justify\">第十三条 社联组织机构</p>\r\n</div>\r\n\r\n<div class=\"index-module_textWrap_3ygOc\" style=\"margin-top: 22px; color: rgb(0, 0, 0); font-family: arial; font-size: 12px;\">\r\n<p style=\"text-align:justify\">会员代表大会、主席团、办公室、财政部、外联部、宣传部。</p>\r\n</div>\r\n\r\n<div class=\"index-module_textWrap_3ygOc\" style=\"margin-top: 22px; color: rgb(0, 0, 0); font-family: arial; font-size: 12px;\">\r\n<p style=\"text-align:justify\">第十四条 会员组成</p>\r\n</div>\r\n\r\n<div class=\"index-module_textWrap_3ygOc\" style=\"margin-top: 22px; color: rgb(0, 0, 0); font-family: arial; font-size: 12px;\">\r\n<p style=\"text-align:justify\">由经我校团委准许成立的合法的本校社团组成。</p>\r\n</div>\r\n\r\n<div class=\"index-module_textWrap_3ygOc\" style=\"margin-top: 22px; color: rgb(0, 0, 0); font-family: arial; font-size: 12px;\">\r\n<p style=\"text-align:justify\">第十五条 社联常驻地址</p>\r\n</div>\r\n\r\n<div class=\"index-module_textWrap_3ygOc\" style=\"margin-top: 22px; color: rgb(0, 0, 0); font-family: arial; font-size: 12px;\">\r\n<p style=\"text-align:justify\">凯里一中办公楼一楼107室。</p>\r\n</div>\r\n\r\n<div class=\"index-module_textWrap_3ygOc\" style=\"margin-top: 22px; color: rgb(0, 0, 0); font-family: arial; font-size: 12px;\">\r\n<p style=\"text-align:justify\">第二章 社团</p>\r\n</div>\r\n\r\n<div class=\"index-module_textWrap_3ygOc\" style=\"margin-top: 22px; color: rgb(0, 0, 0); font-family: arial; font-size: 12px;\">\r\n<p style=\"text-align:justify\">第十六条 学生社团的定义</p>\r\n</div>\r\n\r\n<div class=\"index-module_textWrap_3ygOc\" style=\"margin-top: 22px; color: rgb(0, 0, 0); font-family: arial; font-size: 12px;\">\r\n<p style=\"text-align:justify\">我校社团是学生根据共同志愿和需要，以自愿的原则组成的业余校园群众性学生组织。</p>\r\n</div>\r\n\r\n<div class=\"index-module_textWrap_3ygOc\" style=\"margin-top: 22px; color: rgb(0, 0, 0); font-family: arial; font-size: 12px;\">\r\n<p style=\"text-align:justify\">第十七条 社团名称格式：XXX社团或XXX协会。</p>\r\n</div>\r\n\r\n<div class=\"index-module_textWrap_3ygOc\" style=\"margin-top: 22px; color: rgb(0, 0, 0); font-family: arial; font-size: 12px;\">\r\n<p style=\"text-align:justify\">第十八条 职能：管理、组织、执行。丰富学生校园生活，繁荣校园文化特色。</p>\r\n</div>\r\n\r\n<div class=\"index-module_textWrap_3ygOc\" style=\"margin-top: 22px; color: rgb(0, 0, 0); font-family: arial; font-size: 12px;\">\r\n<p style=\"text-align:justify\">第十九条 性质：隶属我校团委并受校团委学生社团联合会领导管理的群众性、非盈利性组织。</p>\r\n</div>\r\n\r\n<div class=\"index-module_textWrap_3ygOc\" style=\"margin-top: 22px; color: rgb(0, 0, 0); font-family: arial; font-size: 12px;\">\r\n<p style=\"text-align:justify\">第二十条 宗旨：根据社团类型自定义。</p>\r\n</div>\r\n\r\n<div class=\"index-module_textWrap_3ygOc\" style=\"margin-top: 22px; color: rgb(0, 0, 0); font-family: arial; font-size: 12px;\">\r\n<p style=\"text-align:justify\">第二十一条 社团原则：民主集中制原则。</p>\r\n</div>\r\n\r\n<div class=\"index-module_textWrap_3ygOc\" style=\"margin-top: 22px; color: rgb(0, 0, 0); font-family: arial; font-size: 12px;\">\r\n<p style=\"text-align:justify\">第二十二条 管理制度：社团自身管理章程和社团联合会管理章程（即本章程）。</p>\r\n</div>\r\n\r\n<div class=\"index-module_textWrap_3ygOc\" style=\"margin-top: 22px; color: rgb(0, 0, 0); font-family: arial; font-size: 12px;\">\r\n<p style=\"text-align:justify\">第二十三条 负责制：实行全体社团干部责任制与社长负责制相结合。由社长统一领导，副社长以及各部门负责监督、执行。</p>\r\n</div>\r\n\r\n<div class=\"index-module_textWrap_3ygOc\" style=\"margin-top: 22px; color: rgb(0, 0, 0); font-family: arial; font-size: 12px;\">\r\n<p style=\"text-align:justify\">第二十四条 社团干部任期制：所有社团干部若无被罢免撤职正常任期为一到两年。社团干部不得兼任其他部门职务，一经发现，予以免职。</p>\r\n</div>\r\n\r\n<div class=\"index-module_textWrap_3ygOc\" style=\"margin-top: 22px; color: rgb(0, 0, 0); font-family: arial; font-size: 12px;\">\r\n<p style=\"text-align:justify\">第二十五条 社团机构设立</p>\r\n</div>\r\n\r\n<div class=\"index-module_textWrap_3ygOc\" style=\"margin-top: 22px; color: rgb(0, 0, 0); font-family: arial; font-size: 12px;\">\r\n<p style=\"text-align:justify\">成员大会、社长、副社长、各大部门等。</p>\r\n</div>\r\n\r\n<div class=\"index-module_textWrap_3ygOc\" style=\"margin-top: 22px; color: rgb(0, 0, 0); font-family: arial; font-size: 12px;\">\r\n<p style=\"text-align:justify\">第二十六条 本组织内会员、干部一律平等。</p>\r\n</div>\r\n\r\n<div class=\"index-module_textWrap_3ygOc\" style=\"margin-top: 22px; color: rgb(0, 0, 0); font-family: arial; font-size: 12px;\">\r\n<p style=\"text-align:justify\">第三章 社团联合会会员</p>\r\n</div>\r\n\r\n<div class=\"index-module_textWrap_3ygOc\" style=\"margin-top: 22px; color: rgb(0, 0, 0); font-family: arial; font-size: 12px;\">\r\n<p style=\"text-align:justify\">第二十七条 会员管理纲要</p>\r\n</div>\r\n\r\n<div class=\"index-module_textWrap_3ygOc\" style=\"margin-top: 22px; color: rgb(0, 0, 0); font-family: arial; font-size: 12px;\">\r\n<p style=\"text-align:justify\">《贵州省凯里市第一中学校团委学生社团联合会章程》与《社团分管制》。</p>\r\n</div>\r\n\r\n<div class=\"index-module_textWrap_3ygOc\" style=\"margin-top: 22px; color: rgb(0, 0, 0); font-family: arial; font-size: 12px;\">\r\n<p style=\"text-align:justify\">第二十八条 会员条件</p>\r\n</div>\r\n\r\n<div class=\"index-module_textWrap_3ygOc\" style=\"margin-top: 22px; color: rgb(0, 0, 0); font-family: arial; font-size: 12px;\">\r\n<p style=\"text-align:justify\">（一）自愿加盟，接受我校团委社团联合会的领导和管理；</p>\r\n</div>\r\n\r\n<div class=\"index-module_textWrap_3ygOc\" style=\"margin-top: 22px; color: rgb(0, 0, 0); font-family: arial; font-size: 12px;\">\r\n<p style=\"text-align:justify\">（二）会员属我校社团，社团社员为我校在校学生；</p>\r\n</div>\r\n\r\n<div class=\"index-module_textWrap_3ygOc\" style=\"margin-top: 22px; color: rgb(0, 0, 0); font-family: arial; font-size: 12px;\">\r\n<p style=\"text-align:justify\">（三）社员不少于10人，相关管理条例齐全；</p>\r\n</div>\r\n\r\n<div class=\"index-module_textWrap_3ygOc\" style=\"margin-top: 22px; color: rgb(0, 0, 0); font-family: arial; font-size: 12px;\">\r\n<p style=\"text-align:justify\">（四）自觉遵守国家法律和宪法，承认并拥护我社团联合会章程；</p>\r\n</div>\r\n\r\n<div class=\"index-module_textWrap_3ygOc\" style=\"margin-top: 22px; color: rgb(0, 0, 0); font-family: arial; font-size: 12px;\">\r\n<p style=\"text-align:justify\">（五）社团经正当程序申请成立，注册资料齐全；</p>\r\n</div>\r\n\r\n<div class=\"index-module_textWrap_3ygOc\" style=\"margin-top: 22px; color: rgb(0, 0, 0); font-family: arial; font-size: 12px;\">\r\n<p style=\"text-align:justify\">（六）自愿履行会员义务。各成员均平等享有本章程规定的权利，履行本章程规定义务；</p>\r\n</div>\r\n\r\n<div class=\"index-module_textWrap_3ygOc\" style=\"margin-top: 22px; color: rgb(0, 0, 0); font-family: arial; font-size: 12px;\">\r\n<p style=\"text-align:justify\">（七）不满足以上任意一条，则视为非本组织会员，学校将不承认其成立。</p>\r\n</div>\r\n\r\n<div class=\"index-module_textWrap_3ygOc\" style=\"margin-top: 22px; color: rgb(0, 0, 0); font-family: arial; font-size: 12px;\">\r\n<p style=\"text-align:justify\">第二十九条 会员权利</p>\r\n</div>\r\n\r\n<div class=\"index-module_textWrap_3ygOc\" style=\"margin-top: 22px; color: rgb(0, 0, 0); font-family: arial; font-size: 12px;\">\r\n<p style=\"text-align:justify\">（一）享有会员代表大会的表决权、发言权、选举权和被选举权；</p>\r\n</div>\r\n\r\n<div class=\"index-module_textWrap_3ygOc\" style=\"margin-top: 22px; color: rgb(0, 0, 0); font-family: arial; font-size: 12px;\">\r\n<p style=\"text-align:justify\">（二）享有对社联工作的建议权，批评权，监督权；</p>\r\n</div>\r\n\r\n<div class=\"index-module_textWrap_3ygOc\" style=\"margin-top: 22px; color: rgb(0, 0, 0); font-family: arial; font-size: 12px;\">\r\n<p style=\"text-align:justify\">（三）参加任何属于会员范围参与的活动；</p>\r\n</div>\r\n\r\n<div class=\"index-module_textWrap_3ygOc\" style=\"margin-top: 22px; color: rgb(0, 0, 0); font-family: arial; font-size: 12px;\">\r\n<p style=\"text-align:justify\">（四）共享组织资源以及组织提供的各项服务；</p>\r\n</div>\r\n\r\n<div class=\"index-module_textWrap_3ygOc\" style=\"margin-top: 22px; color: rgb(0, 0, 0); font-family: arial; font-size: 12px;\">\r\n<p style=\"text-align:justify\">（五）优先享有社联举办各类活动的承办权与冠名权；</p>\r\n</div>\r\n\r\n<div class=\"index-module_textWrap_3ygOc\" style=\"margin-top: 22px; color: rgb(0, 0, 0); font-family: arial; font-size: 12px;\">\r\n<p style=\"text-align:justify\">（六）享有组织给予物质、精神奖励或表彰；</p>\r\n</div>\r\n\r\n<div class=\"index-module_textWrap_3ygOc\" style=\"margin-top: 22px; color: rgb(0, 0, 0); font-family: arial; font-size: 12px;\">\r\n<p style=\"text-align:justify\">（七）享有团委、社联主席团赋予的其他权力。</p>\r\n</div>\r\n\r\n<div class=\"index-module_textWrap_3ygOc\" style=\"margin-top: 22px; color: rgb(0, 0, 0); font-family: arial; font-size: 12px;\">\r\n<p style=\"text-align:justify\">第三十条 会员义务</p>\r\n</div>\r\n\r\n<div class=\"index-module_textWrap_3ygOc\" style=\"margin-top: 22px; color: rgb(0, 0, 0); font-family: arial; font-size: 12px;\">\r\n<p style=\"text-align:justify\">（一）遵守社联章程以及活动主办方的合理规定；</p>\r\n</div>\r\n\r\n<div class=\"index-module_textWrap_3ygOc\" style=\"margin-top: 22px; color: rgb(0, 0, 0); font-family: arial; font-size: 12px;\">\r\n<p style=\"text-align:justify\">（二）接受我校团委社团联合会的管理领导；</p>\r\n</div>\r\n\r\n<div class=\"index-module_textWrap_3ygOc\" style=\"margin-top: 22px; color: rgb(0, 0, 0); font-family: arial; font-size: 12px;\">\r\n<p style=\"text-align:justify\">（三）认真完成社联主席团、各部门交办或委托的事务；</p>\r\n</div>\r\n\r\n<div class=\"index-module_textWrap_3ygOc\" style=\"margin-top: 22px; color: rgb(0, 0, 0); font-family: arial; font-size: 12px;\">\r\n<p style=\"text-align:justify\">（四）会议按时到场；</p>\r\n</div>\r\n\r\n<div class=\"index-module_textWrap_3ygOc\" style=\"margin-top: 22px; color: rgb(0, 0, 0); font-family: arial; font-size: 12px;\">\r\n<p style=\"text-align:justify\">（五）积极参加学校或组织举办的各类活动；</p>\r\n</div>\r\n\r\n<div class=\"index-module_textWrap_3ygOc\" style=\"margin-top: 22px; color: rgb(0, 0, 0); font-family: arial; font-size: 12px;\">\r\n<p style=\"text-align:justify\">（六）尽力帮助组织内需要帮助的会员；</p>\r\n</div>\r\n\r\n<div class=\"index-module_textWrap_3ygOc\" style=\"margin-top: 22px; color: rgb(0, 0, 0); font-family: arial; font-size: 12px;\">\r\n<p style=\"text-align:justify\">（七）与组织会员处理好关系、团结一致，避免不必要冲突或摩擦；</p>\r\n</div>\r\n\r\n<div class=\"index-module_textWrap_3ygOc\" style=\"margin-top: 22px; color: rgb(0, 0, 0); font-family: arial; font-size: 12px;\">\r\n<p style=\"text-align:justify\">（八）为组织提供真实有效可靠的信息与资料；</p>\r\n</div>\r\n\r\n<div class=\"index-module_textWrap_3ygOc\" style=\"margin-top: 22px; color: rgb(0, 0, 0); font-family: arial; font-size: 12px;\">\r\n<p style=\"text-align:justify\">（九）维护组织荣誉与利益；</p>\r\n</div>\r\n\r\n<div class=\"index-module_textWrap_3ygOc\" style=\"margin-top: 22px; color: rgb(0, 0, 0); font-family: arial; font-size: 12px;\">\r\n<p style=\"text-align:justify\">（十）执行会员代表大会、主席团以及部门的决议；</p>\r\n</div>\r\n\r\n<div class=\"index-module_textWrap_3ygOc\" style=\"margin-top: 22px; color: rgb(0, 0, 0); font-family: arial; font-size: 12px;\">\r\n<p style=\"text-align:justify\">（十一）履行团委、社联规定的其他应尽义务。</p>\r\n</div>\r\n\r\n<div class=\"index-module_textWrap_3ygOc\" style=\"margin-top: 22px; color: rgb(0, 0, 0); font-family: arial; font-size: 12px;\">\r\n<p style=\"text-align:justify\">第三十一条 会员资格终止</p>\r\n</div>\r\n\r\n<div class=\"index-module_textWrap_3ygOc\" style=\"margin-top: 22px; color: rgb(0, 0, 0); font-family: arial; font-size: 12px;\">\r\n<p style=\"text-align:justify\">（一）主动提出撤销或取缔要求；</p>\r\n</div>\r\n\r\n<div class=\"index-module_textWrap_3ygOc\" style=\"margin-top: 22px; color: rgb(0, 0, 0); font-family: arial; font-size: 12px;\">\r\n<p style=\"text-align:justify\">（二）接到会议通知或会议邀请，无故不参加或迟到累计达三次，团委书记、社联主席团有权直接罢免其社长；</p>\r\n</div>\r\n\r\n<div class=\"index-module_textWrap_3ygOc\" style=\"margin-top: 22px; color: rgb(0, 0, 0); font-family: arial; font-size: 12px;\">\r\n<p style=\"text-align:justify\">（三）一学期举行活动累计不达三次，团委书记或社联主席团有权予以该社团撤销处理。活动前不交《活动策划》，活动后不交活动总结以及活动照片则视为活动无效，不计入活动档案；</p>\r\n</div>\r\n\r\n<div class=\"index-module_textWrap_3ygOc\" style=\"margin-top: 22px; color: rgb(0, 0, 0); font-family: arial; font-size: 12px;\">\r\n<p style=\"text-align:justify\">（四）不满足第三章第二十八条中的任意一项，不履行第三章第三十条中的应尽义务，会员资格终止，撤销社团；</p>\r\n</div>\r\n\r\n<div class=\"index-module_textWrap_3ygOc\" style=\"margin-top: 22px; color: rgb(0, 0, 0); font-family: arial; font-size: 12px;\">\r\n<p style=\"text-align:justify\">（五）社团一学期被举报累计达3次以上的社团团委书记、社联主席团有权撤销其社团；</p>\r\n</div>\r\n\r\n<div class=\"index-module_textWrap_3ygOc\" style=\"margin-top: 22px; color: rgb(0, 0, 0); font-family: arial; font-size: 12px;\">\r\n<p style=\"text-align:justify\">（六）管理混乱或从事不正当活动，影响恶劣者，会员资格终止，撤销社团；</p>\r\n</div>\r\n\r\n<div class=\"index-module_textWrap_3ygOc\" style=\"margin-top: 22px; color: rgb(0, 0, 0); font-family: arial; font-size: 12px;\">\r\n<p style=\"text-align:justify\">（七）社团有严重违反法律法规、校纪校规或与组织长期不联系，团委书记、社联主席团有权撤销其社团；</p>\r\n</div>\r\n\r\n<div class=\"index-module_textWrap_3ygOc\" style=\"margin-top: 22px; color: rgb(0, 0, 0); font-family: arial; font-size: 12px;\">\r\n<p style=\"text-align:justify\">（八）不遵守本章程管理条例，不服从管理，情节严重者，会员资格终止，撤销社团；</p>\r\n</div>\r\n\r\n<div class=\"index-module_textWrap_3ygOc\" style=\"margin-top: 22px; color: rgb(0, 0, 0); font-family: arial; font-size: 12px;\">\r\n<p style=\"text-align:justify\">（九）出现其他应予以解散情形；</p>\r\n</div>\r\n\r\n<div class=\"index-module_textWrap_3ygOc\" style=\"margin-top: 22px; color: rgb(0, 0, 0); font-family: arial; font-size: 12px;\">\r\n<p style=\"text-align:justify\">（十）社团被撤销后，严禁个人或集体以社团名义开展活动，违者后果自负。</p>\r\n</div>\r\n\r\n<div class=\"index-module_textWrap_3ygOc\" style=\"margin-top: 22px; color: rgb(0, 0, 0); font-family: arial; font-size: 12px;\">\r\n<p style=\"text-align:justify\">第四章 各类办事程序</p>\r\n</div>\r\n\r\n<div class=\"index-module_textWrap_3ygOc\" style=\"margin-top: 22px; color: rgb(0, 0, 0); font-family: arial; font-size: 12px;\">\r\n<p style=\"text-align:justify\">第三十二条 社团成立申请程序</p>\r\n</div>\r\n\r\n<div class=\"index-module_textWrap_3ygOc\" style=\"margin-top: 22px; color: rgb(0, 0, 0); font-family: arial; font-size: 12px;\">\r\n<p style=\"text-align:justify\">（一）向社联办公室领取《社团成立申请表》；</p>\r\n</div>\r\n\r\n<div class=\"index-module_textWrap_3ygOc\" style=\"margin-top: 22px; color: rgb(0, 0, 0); font-family: arial; font-size: 12px;\">\r\n<p style=\"text-align:justify\">（二）认真填写《社团成立申请表》，起草社团管理章程；</p>\r\n</div>\r\n\r\n<div class=\"index-module_textWrap_3ygOc\" style=\"margin-top: 22px; color: rgb(0, 0, 0); font-family: arial; font-size: 12px;\">\r\n<p style=\"text-align:justify\">（三）向社联提交《社团成立申请书》以及社团管理章程，阐述自身条件；</p>\r\n</div>\r\n\r\n<div class=\"index-module_textWrap_3ygOc\" style=\"margin-top: 22px; color: rgb(0, 0, 0); font-family: arial; font-size: 12px;\">\r\n<p style=\"text-align:justify\">（四）等待申请结果；</p>\r\n</div>\r\n\r\n<div class=\"index-module_textWrap_3ygOc\" style=\"margin-top: 22px; color: rgb(0, 0, 0); font-family: arial; font-size: 12px;\">\r\n<p style=\"text-align:justify\">（五）聘请指导老师；</p>\r\n</div>\r\n\r\n<div class=\"index-module_textWrap_3ygOc\" style=\"margin-top: 22px; color: rgb(0, 0, 0); font-family: arial; font-size: 12px;\">\r\n<p style=\"text-align:justify\">（六）向社联领取《社团信息注册表》、《社团成员信息注册表》；</p>\r\n</div>\r\n\r\n<div class=\"index-module_textWrap_3ygOc\" style=\"margin-top: 22px; color: rgb(0, 0, 0); font-family: arial; font-size: 12px;\">\r\n<p style=\"text-align:justify\">（七）社团经我校团委准许成立，则自动视为我校社团联合会会员；</p>\r\n</div>\r\n\r\n<div class=\"index-module_textWrap_3ygOc\" style=\"margin-top: 22px; color: rgb(0, 0, 0); font-family: arial; font-size: 12px;\">\r\n<p style=\"text-align:justify\">（八）校团委准许成立，再执行（五）、（六）；</p>\r\n</div>\r\n\r\n<div class=\"index-module_textWrap_3ygOc\" style=\"margin-top: 22px; color: rgb(0, 0, 0); font-family: arial; font-size: 12px;\">\r\n<p style=\"text-align:justify\">（九）性质宗旨相同的社团原则上只予成立一个。</p>\r\n</div>\r\n\r\n<div class=\"index-module_textWrap_3ygOc\" style=\"margin-top: 22px; color: rgb(0, 0, 0); font-family: arial; font-size: 12px;\">\r\n<p style=\"text-align:justify\">第三十三条 社团社长换届申请程序</p>\r\n</div>\r\n\r\n<div class=\"index-module_textWrap_3ygOc\" style=\"margin-top: 22px; color: rgb(0, 0, 0); font-family: arial; font-size: 12px;\">\r\n<p style=\"text-align:justify\">（一）向社联办公室领取《社长换届申请表》；</p>\r\n</div>\r\n\r\n<div class=\"index-module_textWrap_3ygOc\" style=\"margin-top: 22px; color: rgb(0, 0, 0); font-family: arial; font-size: 12px;\">\r\n<p style=\"text-align:justify\">（二）召开全体社员大会，进行投票选举，杜绝等额选举，并为保证换届选举公平、公正必须邀到社联主席团或办公室参加会议作为公证人；</p>\r\n</div>\r\n\r\n<div class=\"index-module_textWrap_3ygOc\" style=\"margin-top: 22px; color: rgb(0, 0, 0); font-family: arial; font-size: 12px;\">\r\n<p style=\"text-align:justify\">（三）认真填写《社长换届申请表》书；</p>\r\n</div>\r\n\r\n<div class=\"index-module_textWrap_3ygOc\" style=\"margin-top: 22px; color: rgb(0, 0, 0); font-family: arial; font-size: 12px;\">\r\n<p style=\"text-align:justify\">（四）社团指导老师批准签字；</p>\r\n</div>\r\n\r\n<div class=\"index-module_textWrap_3ygOc\" style=\"margin-top: 22px; color: rgb(0, 0, 0); font-family: arial; font-size: 12px;\">\r\n<p style=\"text-align:justify\">（五）提交《社长换届申请表》；</p>\r\n</div>\r\n\r\n<div class=\"index-module_textWrap_3ygOc\" style=\"margin-top: 22px; color: rgb(0, 0, 0); font-family: arial; font-size: 12px;\">\r\n<p style=\"text-align:justify\">（六）等待回复；</p>\r\n</div>\r\n\r\n<div class=\"index-module_textWrap_3ygOc\" style=\"margin-top: 22px; color: rgb(0, 0, 0); font-family: arial; font-size: 12px;\">\r\n<p style=\"text-align:justify\">（七）开始试用新社长；</p>\r\n</div>\r\n\r\n<div class=\"index-module_textWrap_3ygOc\" style=\"margin-top: 22px; color: rgb(0, 0, 0); font-family: arial; font-size: 12px;\">\r\n<p style=\"text-align:justify\">（八）试用期半学期结束，考核通过，领取聘书，正式上任；</p>\r\n</div>\r\n\r\n<div class=\"index-module_textWrap_3ygOc\" style=\"margin-top: 22px; color: rgb(0, 0, 0); font-family: arial; font-size: 12px;\">\r\n<p style=\"text-align:justify\">（九）若因特殊情况不能按照本章程进行换届选举时，应由社联在全校公开招聘，在尚未选出社长时由社联委任管理。</p>\r\n</div>\r\n', '2021-08-24', '5');
INSERT INTO `article` VALUES ('A20210424162924163', '多彩社团活动 搭建学生幸福成长平台', 'B20200304111908715', 'upfiles/20210424162841.png', '是', '是', '<div class=\"index-module_textWrap_3ygOc\" style=\"color: rgb(0, 0, 0); font-family: arial; font-size: 12px;\">\r\n<p style=\"text-align:justify\">兴趣是一个人最好的老师，兴趣培养不仅可以促进学生的学习，还可以促进学生的身心健康发展。为了丰富学生的校园生活，促进学生的德智体全面发展。4月14日，郑州高新区实验中学举行了全体师生期待已久的学生社团活动启动仪式。</p>\r\n</div>\r\n\r\n<div class=\"index-module_textWrap_3ygOc\" style=\"margin-top: 22px; color: rgb(0, 0, 0); font-family: arial; font-size: 12px;\">\r\n<p style=\"text-align:justify\">活动上，各社团辅导老师和社团成员早早就进入报告厅指定位置，为社团启动仪式做好准备，本次启动仪式由团委书记贾占峰主持。</p>\r\n</div>\r\n\r\n<div class=\"index-module_mediaWrap_213jB\" style=\"display: flex; margin-top: 36px; color: rgb(0, 0, 0); font-family: arial; font-size: 12px;\">\r\n<div class=\"index-module_contentImg_JmmC0\" style=\"display: flex; -webkit-box-orient: vertical; -webkit-box-direction: normal; flex-direction: column; -webkit-box-align: center; align-items: center; width: 599px;\">&nbsp;</div>\r\n</div>\r\n\r\n<div class=\"index-module_mediaWrap_213jB\" style=\"display: flex; margin-top: 40px; color: rgb(0, 0, 0); font-family: arial; font-size: 12px;\">\r\n<div class=\"index-module_contentImg_JmmC0\" style=\"display: flex; -webkit-box-orient: vertical; -webkit-box-direction: normal; flex-direction: column; -webkit-box-align: center; align-items: center; width: 599px;\"><img class=\"index-module_large_1mscr\" src=\"https://pics5.baidu.com/feed/b812c8fcc3cec3fdd8754366ad0d8f37869427e3.png?token=4727a8c353e39068ca9938693a4930f5\" style=\"border-radius:13px; border:0px; width:599px\" /></div>\r\n</div>\r\n\r\n<div class=\"index-module_mediaWrap_213jB\" style=\"display: flex; margin-top: 40px; color: rgb(0, 0, 0); font-family: arial; font-size: 12px;\">\r\n<div class=\"index-module_contentImg_JmmC0\" style=\"display: flex; -webkit-box-orient: vertical; -webkit-box-direction: normal; flex-direction: column; -webkit-box-align: center; align-items: center; width: 599px;\">&nbsp;</div>\r\n</div>\r\n\r\n<div class=\"index-module_textWrap_3ygOc\" style=\"margin-top: 36px; color: rgb(0, 0, 0); font-family: arial; font-size: 12px;\">\r\n<p style=\"text-align:justify\">此次开展的社团有，奋勇向前的田径社团、激情四射的足球社团、热血沸腾的篮球社团、帅气严谨的射击社团、文艺清新的合唱社团、创意新颖泥塑社团、古典优雅的书法化社等。多样的社团活动，满足了学生的发展需求。</p>\r\n</div>\r\n\r\n<div class=\"index-module_mediaWrap_213jB\" style=\"display: flex; margin-top: 36px; color: rgb(0, 0, 0); font-family: arial; font-size: 12px;\">\r\n<div class=\"index-module_contentImg_JmmC0\" style=\"display: flex; -webkit-box-orient: vertical; -webkit-box-direction: normal; flex-direction: column; -webkit-box-align: center; align-items: center; width: 599px;\"><img class=\"index-module_large_1mscr\" src=\"https://pics3.baidu.com/feed/f636afc379310a55193d9ad733c018a182261001.png?token=82d63f840e7b2c410a40218f1ed81439\" style=\"border-radius:13px; border:0px; width:599px\" /></div>\r\n\r\n<div>&nbsp;</div>\r\n</div>\r\n\r\n<div class=\"index-module_mediaWrap_213jB\" style=\"display: flex; margin-top: 40px; color: rgb(0, 0, 0); font-family: arial; font-size: 12px;\">&nbsp;</div>\r\n', '2021-08-24', '6');
INSERT INTO `article` VALUES ('A20210424163011974', '社团主题月活动回顾', 'B20200304111908715', 'upfiles/20210424163006.jpeg', '是', '是', '<p style=\"text-align:justify\">　为迎接建党100周年，我校举办社团主题月特色社团团日活动&mdash;&mdash;<strong>庆祝建党100周年系列论坛，</strong><strong>博恩公关协会以我国外交公关的变迁为主题，在4月21日13：00于7100教室展开论坛活动</strong>，团支书于嘉欣作为主讲人带大家回顾了我国的外交公关历史。本次活动共有近90名同学参与，取得圆满成功。</p>\r\n\r\n<p style=\"text-align:center\">　　<img src=\"https://nimg.ws.126.net/?url=http%3A%2F%2Fdingyue.ws.126.net%2F2021%2F0424%2Ff2ab6fc6p00qs1ai200khc000u000iec.png&amp;thumbnail=650x2147483647&amp;quality=80&amp;type=jpg\" style=\"border:0px; box-sizing:inherit; margin-bottom:10px; max-width:100%\" /></p>\r\n\r\n<p style=\"text-align:justify\">　　本次论坛主要讲解中国自1921年中国共产党成立至今一百年光辉历程的重大历史事件，并从中挑选出大家耳熟能详的外交大事件，缓缓沿着国家前进的脚步，从外交上领略我国逐渐强大、直到站在世界大舞台中央的历史进程。<strong>同学们全神贯注地听讲，专心的观看&ldquo;天团名场面&rdquo;视频，了解祖国百年来的迅猛变化，部分同学还在现场做了笔记。</strong></p>\r\n\r\n<p style=\"text-align:center\">　　<img src=\"https://nimg.ws.126.net/?url=http%3A%2F%2Fdingyue.ws.126.net%2F2021%2F0424%2F3a602c61p00qs1ai200osc000u000mic.png&amp;thumbnail=650x2147483647&amp;quality=80&amp;type=jpg\" style=\"border:0px; box-sizing:inherit; margin-bottom:10px; max-width:100%\" /></p>\r\n', '2021-08-24', '7');
INSERT INTO `article` VALUES ('A20210807170555668', '社团活动让你成为更好的自己', 'B20200304111908715', 'upfiles/20210807171608.jpeg', '是', '是', '<div class=\"index-module_textWrap_3ygOc\" style=\"max-width: 100%; overflow-x: visible; font-size: 16px; line-height: 24px; font-family: arial;\">\r\n<p>大学生活，并不是宿舍、教室、食堂、图书馆的&ldquo;四点一线&rdquo;，还有形式多样、丰富多彩的社团活动，在锻炼学生综合素养的同时，给他们提供了更多个人成长的空间。</p>\r\n</div>\r\n\r\n<div class=\"index-module_textWrap_3ygOc\" style=\"max-width: 100%; overflow-x: visible; font-size: 16px; line-height: 24px; margin-top: 22px; font-family: arial;\">\r\n<p>西安翻译学院：新媒体社团帮助学生全面发展 有趣又有&ldquo;料&rdquo;</p>\r\n</div>\r\n\r\n<div class=\"index-module_textWrap_3ygOc\" style=\"max-width: 100%; overflow-x: visible; font-size: 16px; line-height: 24px; margin-top: 22px; font-family: arial;\">\r\n<p>西译新媒体是西安翻译学院最受欢迎的社团之一，主要负责学校的对外宣传。其优势在于传播与更新速度快，信息量大，内容丰富、互动性强，也是学生了解学校发展的重要渠道。</p>\r\n</div>\r\n\r\n<div class=\"index-module_textWrap_3ygOc\" style=\"max-width: 100%; overflow-x: visible; font-size: 16px; line-height: 24px; margin-top: 22px; font-family: arial;\">\r\n<p>西译新媒体包含：策划组、微信组、技术组、运营组。微信组会进行公众号的制作，不仅培养学生创作的想象力、对文字的编辑能力、拍摄照片的技术和排版的审美力，还能够利用各种数据分析工具、关注时事热点的变化，第一时间宣传报道学校的大型活动、正能量人物事迹以及重要通知。策划组定期进行活动策划，撰写相应的视频脚本。运营组对学校官方微博、B站和抖音进行定时更新。技术组拥有专业的拍摄设备，主要负责校园活动和宣传片的拍摄和剪辑。社团里同学们熟悉视频制作的全套流程，尽其所能地为同学们提供最真实的新媒体行业的体验。在西译新媒体社团，同学们不仅能拓宽视野，还拥有更多实践机会。多样化的部门使得学生们各自发挥自己的优点，在社团里充实自己的生活，也大大增强大家的沟通协作能力。</p>\r\n</div>\r\n\r\n<div class=\"index-module_textWrap_3ygOc\" style=\"max-width: 100%; overflow-x: visible; font-size: 16px; line-height: 24px; margin-top: 22px; font-family: arial;\">\r\n<p>据了解，学校对西译新媒体给予了大力支持，例如：设备支持、导师支持及后勤支持。舒适的社团环境、专业的设备和细致耐心的指导老师都是亮点。未来，西安翻译学院将更好地拓展社团，让更多的学生充分体会丰富而又精彩的大学生活。</p>\r\n</div>\r\n\r\n<div class=\"index-module_textWrap_3ygOc\" style=\"max-width: 100%; overflow-x: visible; font-size: 16px; line-height: 24px; margin-top: 22px; font-family: arial;\">\r\n<p>陕西科技大学镐京学院：唯新电子社团</p>\r\n</div>\r\n\r\n<div class=\"index-module_textWrap_3ygOc\" style=\"max-width: 100%; overflow-x: visible; font-size: 16px; line-height: 24px; margin-top: 22px; font-family: arial;\">\r\n<p>唯新电子社团成立之初是为了让喜欢电子的同学们有一个能够互相交流的平台，让书本上之所学有一个实践和应用的地方。后来，社团在满足成员兴趣的同时，拓展了相关赛事，调动了大家的热情和钻研精神，也为校争光。更加专业的电子知识讲座也应运而生，社团日趋发展壮大。</p>\r\n</div>\r\n\r\n<div class=\"index-module_textWrap_3ygOc\" style=\"max-width: 100%; overflow-x: visible; font-size: 16px; line-height: 24px; margin-top: 22px; font-family: arial;\">\r\n<p>在唯新电子社团，同学们的团队协作精神得到极大促进，凭借&ldquo;电子之路，唯有创新&rdquo;的理念，形成一支手脑互进的强大战队。</p>\r\n</div>\r\n\r\n<div class=\"index-module_textWrap_3ygOc\" style=\"max-width: 100%; overflow-x: visible; font-size: 16px; line-height: 24px; margin-top: 22px; font-family: arial;\">\r\n<p>近几年，社团多次举办知识分享大会、科技创新大赛（国家级，省、市级均有涉及），并取得了优异的成绩。唯新电子社团以热爱之名，不断成长，已成为镐京学院一支精英战队。</p>\r\n</div>\r\n\r\n<div class=\"index-module_textWrap_3ygOc\" style=\"max-width: 100%; overflow-x: visible; font-size: 16px; line-height: 24px; margin-top: 22px; font-family: arial;\">\r\n<p>趣味十足轮滑社团</p>\r\n</div>\r\n\r\n<div class=\"index-module_textWrap_3ygOc\" style=\"max-width: 100%; overflow-x: visible; font-size: 16px; line-height: 24px; margin-top: 22px; font-family: arial;\">\r\n<p>镐京学院DIF轮滑社成立于2013年，是集趣味、技巧、艺术、休闲娱乐为一体的学生社团，也是一个团结互助、青春自我、张扬自信的大家庭。</p>\r\n</div>\r\n\r\n<div class=\"index-module_textWrap_3ygOc\" style=\"max-width: 100%; overflow-x: visible; font-size: 16px; line-height: 24px; margin-top: 22px; font-family: arial;\">\r\n<p>轮滑社团开设目的就是帮助学生放松心情、身心愉快、锻炼体魄，能够培养学生坚韧不拔、努力上进的精神。无论是从速度或技术上都充满趣味。无论是平时休闲运动或朋友、同学之间举行的小型比赛，通过轮滑这项运动，可使学生们从平时紧张、繁重的学习和工作中解脱出来。</p>\r\n</div>\r\n\r\n<div class=\"index-module_textWrap_3ygOc\" style=\"max-width: 100%; overflow-x: visible; font-size: 16px; line-height: 24px; margin-top: 22px; font-family: arial;\">\r\n<p>学校对轮滑社给予了很大支持。学校给社团添置场地，建立轮滑场，铺设悬浮板；在学生的课余时间会进行相应的训练。在双十一，社团会组织同学们喜爱的各种活动，设置一些趣味游戏和奖品，同学们能从中感受到轮滑的趣味性和集体性。除此之外，刷街活动、校际交流赛等，既拓展了社团的发展空间，也为成员的综合发展提供了有力平台。</p>\r\n</div>\r\n\r\n<div class=\"index-module_textWrap_3ygOc\" style=\"max-width: 100%; overflow-x: visible; font-size: 16px; line-height: 24px; margin-top: 22px; font-family: arial;\">\r\n<p>用心之处结硕果，轮滑社团先后荣获多项奖励。例如，张豹同学在第六届陕西省大学生轮滑锦标赛速滑比赛中获得第一名并创下了相应的记录；在西北联盟也就是全国轮滑大联动陕西站轮滑比赛中，社团获得花式刹停女子甲组第三、女子乙组第二，速度过桩男子甲组第一，乙组第四等成绩。</p>\r\n</div>\r\n\r\n<div class=\"index-module_textWrap_3ygOc\" style=\"max-width: 100%; overflow-x: visible; font-size: 16px; line-height: 24px; margin-top: 22px; font-family: arial;\">\r\n<p>西安交通工程学院：传承社团文化 尽显学子风采</p>\r\n</div>\r\n\r\n<div class=\"index-module_textWrap_3ygOc\" style=\"max-width: 100%; overflow-x: visible; font-size: 16px; line-height: 24px; margin-top: 22px; font-family: arial;\">\r\n<p>&ldquo;繁荣校园文化，服务大学生成长成才&rdquo;是西安交通工程学院学生社团开展校园文化活动的宗旨和意义。学校以加强大学生思想文化教育为主线，以开展内容丰富、形式多样的科技、文化、艺术活动为载体，完善社团注册及管理。目前，学校共开设36个学生社团，其中，专业学术类社团10个，学习文化类社团8个，文艺体育类社团12个，志愿公益类社团3个，创新创业类社团3个，涵盖文体、学术科学、创新创业、公益等多个领域。</p>\r\n</div>\r\n\r\n<div class=\"index-module_textWrap_3ygOc\" style=\"max-width: 100%; overflow-x: visible; font-size: 16px; line-height: 24px; margin-top: 22px; font-family: arial;\">\r\n<p>西安交通工程学院学生社团先后组织开展了&ldquo;社团巡礼月&rdquo;&ldquo;社团文化艺术节&rdquo;&ldquo;大学生艺术展演&rdquo;等丰富多彩的社团活动，为繁荣校园文化做出了积极的贡献。此外，还积极与鄠邑区团委积极对接参加了鄠邑区政府举办的各项活动如：鄠邑区五四表彰典礼、桃花节、河小二等。各类学生社团也在活动过程中不断完善壮大，在校内外产生了广泛影响。</p>\r\n</div>\r\n\r\n<div class=\"index-module_textWrap_3ygOc\" style=\"max-width: 100%; overflow-x: visible; font-size: 16px; line-height: 24px; margin-top: 22px; font-family: arial;\">\r\n<p>基于日新月异的时代要求，社团建设也紧随校园文化建设的步伐，不断探索、不断改革、不断创新，逐步呈现出欣欣向荣、繁荣发展的新局面。据悉，西安交通工程学院团委社团管理部根据社团发展的新形势，不断调整工作思路，依据&ldquo;深化内部体制改革，打造&lsquo;高效型&rsquo;社团；切实转变工作职能，打造&lsquo;服务型&rsquo;社团；着力维护会员权益，打造&lsquo;责任型&rsquo;社团&rdquo;的基本理念，不断提高社团的管理和服务工作。</p>\r\n</div>\r\n', '2021-08-07', '3');
INSERT INTO `article` VALUES ('A20210807170637442', '安心学习，还是多参加社团活动', 'B20200304111908715', 'upfiles/20210807171625.jpeg', '是', '否', '<div class=\"index-module_textWrap_3ygOc\" style=\"max-width: 100%; overflow-x: visible; font-size: 16px; line-height: 24px; font-family: arial;\">\r\n<p>大家好，我是和你们一样爱好教育，每天关注教育新闻的【秦伟聊教育】，跟着我带你们每天看最新资讯。</p>\r\n</div>\r\n\r\n<div class=\"index-module_textWrap_3ygOc\" style=\"max-width: 100%; overflow-x: visible; font-size: 16px; line-height: 24px; margin-top: 22px; font-family: arial;\">\r\n<p>从理论上讲，只要你合理地安排时间，这两件事互不耽搁。大家可以观察一下周围的学霸，基本就不是大家印象中的书呆子，他们往往在各个方面都能有所发展，而且做得很好。事实上，同一个班的同学，智力能力上的差别真的不大，但是在大学毕业的时候，会发现，人与人之间的差距还是很大的，因为时间的管理和效率的提高。</p>\r\n</div>\r\n\r\n<div class=\"index-module_textWrap_3ygOc\" style=\"max-width: 100%; overflow-x: visible; font-size: 16px; line-height: 24px; margin-top: 22px; font-family: arial;\">\r\n<p>总之，建议你把学业放在第一位。</p>\r\n</div>\r\n\r\n<div class=\"index-module_mediaWrap_213jB\" style=\"max-width: 100%; overflow-x: visible; display: flex; margin-top: 36px; color: rgb(0, 0, 0); font-family: arial; font-size: 12px;\">\r\n<div class=\"index-module_contentImg_JmmC0\" style=\"display: flex; -webkit-box-orient: vertical; -webkit-box-direction: normal; flex-direction: column; -webkit-box-align: center; align-items: center; width: 599px;\"><img class=\"index-module_normal_Bq4DA\" src=\"https://pics1.baidu.com/feed/f603918fa0ec08fa2c0b1d20cd54d96554fbda75.jpeg?token=81c392f138af867788c7a6644dd089b9\" style=\"border-radius:13px; border:0px; margin:0px auto; width:512px\" /></div>\r\n</div>\r\n\r\n<div class=\"index-module_textWrap_3ygOc\" style=\"max-width: 100%; overflow-x: visible; font-size: 16px; line-height: 24px; margin-top: 36px; font-family: arial;\">\r\n<p>学校里有很多选择，一方面是社团，但不管如何选择，学业是根本，都要放在第一位。未来无论直接就业还是继续深造，没有好成绩作为基础，一切都是空想。假如你在一所好学校，很多企业对成绩可能就不那么看重，只要能过得去，没有挂科等现象，通过企业的考核，一般是不会被拒绝的；如果本身学校不太好，自己的成绩可能不高，人家基本没有接受你的理由。要考研可能比较困难，毕竟没有好的基础，靠突击几个月是很难有理想的成绩的。</p>\r\n</div>\r\n\r\n<div class=\"index-module_textWrap_3ygOc\" style=\"max-width: 100%; overflow-x: visible; font-size: 16px; line-height: 24px; margin-top: 22px; font-family: arial;\">\r\n<p>学习并不等于只重视学习成绩。</p>\r\n\r\n<div>&nbsp;</div>\r\n</div>\r\n\r\n<div class=\"index-module_mediaWrap_213jB\" style=\"max-width: 100%; overflow-x: visible; display: flex; margin-top: 36px; color: rgb(0, 0, 0); font-family: arial; font-size: 12px;\">&nbsp;</div>\r\n', '2021-08-07', '6');
INSERT INTO `article` VALUES ('A20210807170726993', '计算机协会章程 社团管理章程制度', 'B20200304111915538', 'upfiles/20210807172045.jpeg', '否', '否', '<div class=\"index-module_textWrap_3ygOc\" style=\"max-width: 100%; overflow-x: visible; font-size: 16px; line-height: 24px; font-family: arial;\">\r\n<p><strong>第一章 总 则</strong></p>\r\n</div>\r\n\r\n<div class=\"index-module_textWrap_3ygOc\" style=\"max-width: 100%; overflow-x: visible; font-size: 16px; line-height: 24px; margin-top: 22px; font-family: arial;\">\r\n<p>计算机社团是一个先进的、积极的、自发组织的、以发扬计算机知识、普及计算机科学为中心的大学生社团组织。是以学生为主体的交流学习性的组织,受校团委、学生会领导监督和管理。本社团的活动原则是脚踏实地、实践学习、突出特色、服务大局。</p>\r\n</div>\r\n\r\n<div class=\"index-module_textWrap_3ygOc\" style=\"max-width: 100%; overflow-x: visible; font-size: 16px; line-height: 24px; margin-top: 22px; font-family: arial;\">\r\n<p>第一条 宗 旨</p>\r\n</div>\r\n\r\n<div class=\"index-module_textWrap_3ygOc\" style=\"max-width: 100%; overflow-x: visible; font-size: 16px; line-height: 24px; margin-top: 22px; font-family: arial;\">\r\n<p>1. 带领更多同学了解计算机,掌握计算机的基本操作。2. 社团本着互相探讨、互相学习、互相促进、共同提高、注重实践的精神努力学习、勤于钻研、勇于进取、勇于开拓,以提高会员的计算机水平。3. 普及计算机知识,繁荣校园文化。</p>\r\n</div>\r\n\r\n<div class=\"index-module_textWrap_3ygOc\" style=\"max-width: 100%; overflow-x: visible; font-size: 16px; line-height: 24px; margin-top: 22px; font-family: arial;\">\r\n<p><strong>第二章 工作制度</strong>第一条 社团实行会长负责制，由会长召集副会长和各部门部长，研</p>\r\n</div>\r\n\r\n<div class=\"index-module_textWrap_3ygOc\" style=\"max-width: 100%; overflow-x: visible; font-size: 16px; line-height: 24px; margin-top: 22px; font-family: arial;\">\r\n<p>究讨论，布置工作.第二条 各部门的工作，由各部门安排会员完成，副会长负责监督.第三条 各个部门应按规定时间,提交工作计划，由组织部审批,开展活动。并在主要部门的领导下协调实施,整体前进。</p>\r\n</div>\r\n\r\n<div class=\"index-module_textWrap_3ygOc\" style=\"max-width: 100%; overflow-x: visible; font-size: 16px; line-height: 24px; margin-top: 22px; font-family: arial;\">\r\n<p>第四条 各部门负责人应尽责，服从领导安排，按时完成工作任务.5. 举办活动均须出书面计划和申请，经团委批准，方可开展.6. 活动完毕，必须由对应部门做出书面总结，上交办公室整理保管.</p>\r\n</div>\r\n\r\n<div class=\"index-module_textWrap_3ygOc\" style=\"max-width: 100%; overflow-x: visible; font-size: 16px; line-height: 24px; margin-top: 22px; font-family: arial;\">\r\n<p><strong>第三章&nbsp;</strong><strong>入</strong><strong>会</strong><strong>要求</strong></p>\r\n</div>\r\n\r\n<div class=\"index-module_textWrap_3ygOc\" style=\"max-width: 100%; overflow-x: visible; font-size: 16px; line-height: 24px; margin-top: 22px; font-family: arial;\">\r\n<p>第一条 凡凯里一中学生，能遵守校纪校规，均可加入本社团。</p>\r\n</div>\r\n\r\n<div class=\"index-module_textWrap_3ygOc\" style=\"max-width: 100%; overflow-x: visible; font-size: 16px; line-height: 24px; margin-top: 22px; font-family: arial;\">\r\n<p>第二条 学习成绩符合学校规定要求。</p>\r\n</div>\r\n\r\n<div class=\"index-module_textWrap_3ygOc\" style=\"max-width: 100%; overflow-x: visible; font-size: 16px; line-height: 24px; margin-top: 22px; font-family: arial;\">\r\n<p>第三条 按照社团章程积极工作者</p>\r\n</div>\r\n\r\n<div class=\"index-module_textWrap_3ygOc\" style=\"max-width: 100%; overflow-x: visible; font-size: 16px; line-height: 24px; margin-top: 22px; font-family: arial;\">\r\n<p>第四条 申请入会批准后交纳20元会费方可成为会员。</p>\r\n</div>\r\n\r\n<div class=\"index-module_textWrap_3ygOc\" style=\"max-width: 100%; overflow-x: visible; font-size: 16px; line-height: 24px; margin-top: 22px; font-family: arial;\">\r\n<p>第五条 每年吸收一至二批会员,人数不限。</p>\r\n</div>\r\n\r\n<div class=\"index-module_textWrap_3ygOc\" style=\"max-width: 100%; overflow-x: visible; font-size: 16px; line-height: 24px; margin-top: 22px; font-family: arial;\">\r\n<p><strong>第四章 会员的基本权利和义务</strong></p>\r\n</div>\r\n\r\n<div class=\"index-module_textWrap_3ygOc\" style=\"max-width: 100%; overflow-x: visible; font-size: 16px; line-height: 24px; margin-top: 22px; font-family: arial;\">\r\n<p>第六条 会员基本权利</p>\r\n</div>\r\n\r\n<div class=\"index-module_textWrap_3ygOc\" style=\"max-width: 100%; overflow-x: visible; font-size: 16px; line-height: 24px; margin-top: 22px; font-family: arial;\">\r\n<p>1、会员平等地享有社团组织的各项活动和权利。</p>\r\n</div>\r\n\r\n<div class=\"index-module_textWrap_3ygOc\" style=\"max-width: 100%; overflow-x: visible; font-size: 16px; line-height: 24px; margin-top: 22px; font-family: arial;\">\r\n<p>2、认真学习计算机知识,努力提高操作技能。</p>\r\n</div>\r\n\r\n<div class=\"index-module_textWrap_3ygOc\" style=\"max-width: 100%; overflow-x: visible; font-size: 16px; line-height: 24px; margin-top: 22px; font-family: arial;\">\r\n<p>3、会员应执行社团的一切正确的决议。</p>\r\n</div>\r\n\r\n<div class=\"index-module_textWrap_3ygOc\" style=\"max-width: 100%; overflow-x: visible; font-size: 16px; line-height: 24px; margin-top: 22px; font-family: arial;\">\r\n<p>第七条 义务</p>\r\n</div>\r\n\r\n<div class=\"index-module_textWrap_3ygOc\" style=\"max-width: 100%; overflow-x: visible; font-size: 16px; line-height: 24px; margin-top: 22px; font-family: arial;\">\r\n<p>1、每个会员都有义务进行学习心得交流并提供数据。</p>\r\n</div>\r\n\r\n<div class=\"index-module_textWrap_3ygOc\" style=\"max-width: 100%; overflow-x: visible; font-size: 16px; line-height: 24px; margin-top: 22px; font-family: arial;\">\r\n<p>2、对社团工作提出建议、倡议和有根据的批语</p>\r\n</div>\r\n\r\n<div class=\"index-module_textWrap_3ygOc\" style=\"max-width: 100%; overflow-x: visible; font-size: 16px; line-height: 24px; margin-top: 22px; font-family: arial;\">\r\n<p>3、积极参加社团活动,加强本会的凝聚力和竞争力。</p>\r\n</div>\r\n\r\n<div class=\"index-module_textWrap_3ygOc\" style=\"max-width: 100%; overflow-x: visible; font-size: 16px; line-height: 24px; margin-top: 22px; font-family: arial;\">\r\n<p>4、关心社团建设，自觉维护会员间的团结。</p>\r\n</div>\r\n\r\n<div class=\"index-module_textWrap_3ygOc\" style=\"max-width: 100%; overflow-x: visible; font-size: 16px; line-height: 24px; margin-top: 22px; font-family: arial;\">\r\n<p>5、自觉抵制和反对计算机黄、赌、毒以及网络传播的反党、反动言论。</p>\r\n</div>\r\n\r\n<div class=\"index-module_textWrap_3ygOc\" style=\"max-width: 100%; overflow-x: visible; font-size: 16px; line-height: 24px; margin-top: 22px; font-family: arial;\">\r\n<p><strong>第五章&nbsp;</strong><strong>会员管理</strong><strong>制度</strong></p>\r\n</div>\r\n\r\n<div class=\"index-module_textWrap_3ygOc\" style=\"max-width: 100%; overflow-x: visible; font-size: 16px; line-height: 24px; margin-top: 22px; font-family: arial;\">\r\n<p>第七条 每周例会会员必须到全部到场，如不例会另行通知。</p>\r\n</div>\r\n\r\n<div class=\"index-module_textWrap_3ygOc\" style=\"max-width: 100%; overflow-x: visible; font-size: 16px; line-height: 24px; margin-top: 22px; font-family: arial;\">\r\n<p>第八条 会员例会或者活动不得迟到、早退及无故缺席。</p>\r\n</div>\r\n\r\n<div class=\"index-module_textWrap_3ygOc\" style=\"max-width: 100%; overflow-x: visible; font-size: 16px; line-height: 24px; margin-top: 22px; font-family: arial;\">\r\n<p>第八条 迟到累计达到5次，早退累计达到3次，无故缺席达到三次，将开除社团籍。</p>\r\n</div>\r\n\r\n<div class=\"index-module_textWrap_3ygOc\" style=\"max-width: 100%; overflow-x: visible; font-size: 16px; line-height: 24px; margin-top: 22px; font-family: arial;\">\r\n<p>第九条 会员有事无法参加例会或者活动，需向负责人以电话，面谈等方式请假，负责人批准后，予以请假。</p>\r\n</div>\r\n\r\n<div class=\"index-module_textWrap_3ygOc\" style=\"max-width: 100%; overflow-x: visible; font-size: 16px; line-height: 24px; margin-top: 22px; font-family: arial;\">\r\n<p>第十条 正常上课期间不得以计算机社团名义旷自习，发现3次开除社团籍。</p>\r\n</div>\r\n\r\n<div class=\"index-module_textWrap_3ygOc\" style=\"max-width: 100%; overflow-x: visible; font-size: 16px; line-height: 24px; margin-top: 22px; font-family: arial;\">\r\n<p>第十一条 会员必须按时参加社团活动，并自觉维护活动秩序，如有不到者按缺席处理。（有事应及时请假）</p>\r\n</div>\r\n\r\n<div class=\"index-module_textWrap_3ygOc\" style=\"max-width: 100%; overflow-x: visible; font-size: 16px; line-height: 24px; margin-top: 22px; font-family: arial;\">\r\n<p>第十二条 严禁利用活动时间进行与活动无关的事，违犯者视情节轻重给予处理。</p>\r\n</div>\r\n\r\n<div class=\"index-module_textWrap_3ygOc\" style=\"max-width: 100%; overflow-x: visible; font-size: 16px; line-height: 24px; margin-top: 22px; font-family: arial;\">\r\n<p>第十三条 严禁复制、传播计算机病毒，违犯者由学校处理。 严禁利用网络进行网络攻击。</p>\r\n</div>\r\n\r\n<div class=\"index-module_textWrap_3ygOc\" style=\"max-width: 100%; overflow-x: visible; font-size: 16px; line-height: 24px; margin-top: 22px; font-family: arial;\">\r\n<p>第十三条 服从社团安排，自觉营造良好的学习氛围，加强社团精神文明建设。</p>\r\n</div>\r\n\r\n<div class=\"index-module_textWrap_3ygOc\" style=\"max-width: 100%; overflow-x: visible; font-size: 16px; line-height: 24px; margin-top: 22px; font-family: arial;\">\r\n<p><strong>第六章 财务制度</strong></p>\r\n</div>\r\n\r\n<div class=\"index-module_textWrap_3ygOc\" style=\"max-width: 100%; overflow-x: visible; font-size: 16px; line-height: 24px; margin-top: 22px; font-family: arial;\">\r\n<p>第十四条 社团经费来源分为会员会费、校内外捐赠或赞助、在活动范围内开展活动或服务的收入、其他合法收入。</p>\r\n</div>\r\n\r\n<div class=\"index-module_textWrap_3ygOc\" style=\"max-width: 100%; overflow-x: visible; font-size: 16px; line-height: 24px; margin-top: 22px; font-family: arial;\">\r\n<p>第十五条 社团经费由社团办公室统一管理，社团的社员会费、创收经费及有关单位赞助由办公室负责收取，在活动前应列出经费预算，活动后持由会长和经手人签字的发票到办公室报销。</p>\r\n</div>\r\n\r\n<div class=\"index-module_textWrap_3ygOc\" style=\"max-width: 100%; overflow-x: visible; font-size: 16px; line-height: 24px; margin-top: 22px; font-family: arial;\">\r\n<p>第十六条 社团本着&ldquo;少花钱、多办事&rdquo;或者&ldquo;不花钱也办事&rdquo;的原则，节约使用经费。</p>\r\n</div>\r\n\r\n<div class=\"index-module_textWrap_3ygOc\" style=\"max-width: 100%; overflow-x: visible; font-size: 16px; line-height: 24px; margin-top: 22px; font-family: arial;\">\r\n<p>第十七条 个人不得以任何名义挪用经费，否则，一经发现追查当事人责任。所有经济往来需在办公室备案。换届时，由办公室将固定资产和财务移交，如有任何差错，将追查有关人员的责任。</p>\r\n</div>\r\n\r\n<div class=\"index-module_textWrap_3ygOc\" style=\"max-width: 100%; overflow-x: visible; font-size: 16px; line-height: 24px; margin-top: 22px; font-family: arial;\">\r\n<p><strong>第七章 档案管理</strong></p>\r\n</div>\r\n\r\n<div class=\"index-module_textWrap_3ygOc\" style=\"max-width: 100%; overflow-x: visible; font-size: 16px; line-height: 24px; margin-top: 22px; font-family: arial;\">\r\n<p>第十八条 社团建立起健全档案，档案主要包括以下内容：社团章程、组织机构、人员组成、会员登记表、工作计划与总结、活动记录、财务收支记录、活动照片、所办刊物样本等。</p>\r\n</div>\r\n\r\n<div class=\"index-module_textWrap_3ygOc\" style=\"max-width: 100%; overflow-x: visible; font-size: 16px; line-height: 24px; margin-top: 22px; font-family: arial;\">\r\n<p>第十九条 社团办公室负责档案的搜集、管理，然后统一保存。</p>\r\n</div>\r\n\r\n<div class=\"index-module_textWrap_3ygOc\" style=\"max-width: 100%; overflow-x: visible; font-size: 16px; line-height: 24px; margin-top: 22px; font-family: arial;\">\r\n<p><strong>附&nbsp;</strong><strong>则</strong></p>\r\n</div>\r\n\r\n<div class=\"index-module_textWrap_3ygOc\" style=\"max-width: 100%; overflow-x: visible; font-size: 16px; line-height: 24px; margin-top: 22px; font-family: arial;\">\r\n<p>一 社团会员尊重、服从学校领导。二 本章程的解释权属于计算机社团所有。三 本章程自社团批准之日起生效。</p>\r\n</div>\r\n', '2021-08-07', '5');
INSERT INTO `article` VALUES ('A20210807170856514', '社团管理制度改革迫在眉睫 ', 'B20200304111915538', 'upfiles/20210807171650.jpeg', '否', '否', '<p>日前，经社会公众举报,民政部核查后公布了第十二批&ldquo;山寨社团&rdquo;、&ldquo;离岸社团&rdquo;名单。《社会团体登记管理条例》规定，成立社会团体必须提交业务主管部门的批准文件。所指的业务主管部门是指县级以上各级人民政府有关部门及其授权的组织，社会团体实际上附属在业务主管部门之下。而&ldquo;离岸社团&rdquo;、&ldquo;山寨社团&rdquo;主要是内地居民在登记条件宽松的国家和地区进行注册的社会组织。截至目前，共计已有1220家&ldquo;山寨社团&rdquo;、&ldquo;离岸社团&rdquo;被民政部公开通报。那么这些&ldquo;山寨社团&rdquo;有什么共性？如何规范其发展？</p>\r\n\r\n<p><strong>&ldquo;山寨社团&rdquo;特点突出</strong></p>\r\n\r\n<p>分析这些&ldquo;山寨社团&rdquo;的共同特点，首先是取名&ldquo;高大上&rdquo;。国家行政学院社会和文化教研部副主任马庆钰告诉记者，&ldquo;山寨社团&rdquo;往往都是&ldquo;拉大旗作虎皮&rdquo;，虚拟冠冕堂皇的头衔让公众对其难辨真假。打开民政部官网，查看民政部公布的第十二批&ldquo;离岸社团&rdquo;、&ldquo;山寨社团&rdquo;名单，记者发现，这些&ldquo;山寨社团&rdquo;多被冠以&ldquo;中国&rdquo;&ldquo;中华&rdquo;&ldquo;全国&rdquo;，甚至&ldquo;将军、部长&rdquo;等名头，乍一看可谓&ldquo;高大上&rdquo;，例如，中国青少年发展协会、中国房地产行业协会、中国房地产开发商协会、中国将军书画家协会等。有的与正规登记社团名称有高度相似性，很容易混淆视听、以假乱真。其次是受利益驱使，疯狂敛财。与正规协会的公益性质不同的是，多数&ldquo;山寨社团&rdquo;的主要目的是牟利，想尽各种手段吸纳会员、违规收费。一些&ldquo;山寨社团&rdquo;在国内长期存在，其主要目的是通过发展会员、发牌发证、成立分会、举办培训、开办继续学院等来疯狂敛财，有些甚至向企业敲诈勒索。一位曾加入过&ldquo;山寨社团&rdquo;的摄影爱好者告诉记者，成为一个&ldquo;山寨社团&rdquo;会员的过程非常简单：填个申请表，交上几十元、上百元所谓工本费就可以了。想成为某些&ldquo;山寨社团&rdquo;协会的理事，单位需要交数万元，企业主要负责人可担任协会理事，每届任期5年，颁发牌匾和证书。如果要成为副理事长，单位费用更高。在香港或者国外注册登记。记者梳理发现，某些&ldquo;山寨社团&rdquo;并没有在国家民政部门注册，是没有经过审批、报备的&ldquo;违规&rdquo;社团，但一直对外宣称合法。这些&ldquo;山寨社团&rdquo;认为，在香港和国外登记是一样的。还有的协会中国内地不允许注册，例如风水协会。据了解，自从民政部名单公布和媒体曝光后，这些&ldquo;山寨社团&rdquo;普遍警惕了，查询官网，有的&ldquo;山寨社团&rdquo;官方电话号码直接删除了，社团简介也显示空白，而有的&ldquo;山寨社团&rdquo;在官网留下了&ldquo;山寨社团&rdquo;工作人员手机号码，而记者致电后，对方了解了记者想加入社团的要求，称之以后再与记者联系，便匆匆挂断电话。</p>\r\n\r\n<p><strong>是&ldquo;谁&rdquo;助长了&ldquo;山寨社团&rdquo;？</strong></p>\r\n\r\n<p>据业内人士透露，&ldquo;山寨社团&rdquo;取缔难，&ldquo;有需求就有市场&rdquo;是一大原因。受害者或茫然不知或受利益驱使,不举报、不投案也间接助长&ldquo;山寨社团&rdquo;泛滥。被&ldquo;山寨社团&rdquo;欺骗的受害者人群可分为两大类：其中一类是完全分辨不清正规社团和&ldquo;山寨社团&rdquo;；另一类则是清楚这些社团和文凭证书是假的，但因为报考、升职、考核、入户等利益驱使，使得他们&ldquo;花钱买假&rdquo;。加入正规社团有严格的准入评审机制，门槛较高，一些人在艺术上的水平造诣和作品难获得广泛认可，希望加入看似高规格的社团，获得奖项、证书给自己镀金，以求谋取利益。有的讲师买各种&ldquo;山寨社团&rdquo;的假文凭，方便&ldquo;传授知识&rdquo;。这些都成为&ldquo;山寨社团&rdquo;造假利益链条中的最后环节。很多侥幸得逞者，不仅不举报不投案，反而口口相传，很大程度上助长了&ldquo;山寨社团&rdquo;在中国社会很多个角落里的泛滥。近日，兰州交通大学博文学院女教师刘伶利因患癌被开除的事件引发各界强烈关注。在该事件中签署开除决定、拒不履行二审判决的博文学院院长陈玲逐渐成为焦点，其博士身份及学术身份等均遭网友质疑，而其被&ldquo;中国教育协会&rdquo;，&ldquo;中国教育改革与发展研究会&rdquo;，&ldquo;中国民办教育家协会&rdquo;评选出的荣誉称号，都是民政部公布的&ldquo;离岸社团&rdquo;&ldquo;山寨社团&rdquo;。此外，取缔难还与一些领导为&ldquo;山寨社团&rdquo;站台有关。据民政部党组成员、民间组织管理局局长詹成付介绍，一些领导干部为山寨协会站台，有些老领导搞不清楚这些社团的真假，被蒙骗去站台。毕竟主办方介绍他们时往往谈及他们曾经的党政身份，这就加大了&ldquo;山寨社团&rdquo;的欺骗性。广东卓尚律师事务所彭非平律师认为：&ldquo;山寨社团&rdquo;和&ldquo;离岸社团&rdquo;虽屡屡被通报，但却依然泛滥，其根本原因在于：监管制度的缺失和监管手段的乏力。虽然《社会团体登记管理条例》有规定，成立社会团体必须提交业务主管部门的批准文件。但是对于诸如&ldquo;离岸社团&rdquo;这类在海外注册的社会团体，如何在中国合法运营，需要通过什么样的审批程序？并没有明确规定，是否要重新申请成立，还是区别于新设的社会团体，相关条例规定似乎也无规定。因此也形成了制度上的空白，也就让一些钻法律空子的人有了可乘之机。</p>\r\n', '2021-08-07', '2');
INSERT INTO `article` VALUES ('A20210807170939693', '《高校学生社团管理暂行办法》出台', 'B20200304111915538', 'upfiles/20210807171702.jpeg', '否', '否', '<p>共青团中央、教育部、全国学联最近印发《高校学生社团管理暂行办法》（以下简称《办法》）。《办法》对于深入贯彻落实《关于进一步加强和改进新形势下高校宣传思想工作的意见》和《中共中央关于加强和改进党的群团工作的意见》有关要求，进一步规范高校学生社团管理，深化高校学生社团的育人功能，积极促进高校学生社团的健康发展，具有十分重要的意义。</p>\r\n\r\n<p>　　《办法》分八个部分：一是总则；二是管理机构；三是成立、年审和注销；四是组织建设；五是活动管理；六是经费管理；七是工作保障；八是附则。</p>\r\n\r\n<p>　　《办法》指出，高校学生社团是指由高校学生依据兴趣爱好自愿组成，为实现成员共同意愿，按照其章程自主开展活动的群众性学生组织。高校学生社团的基本任务是：遵循和贯彻党的教育方针，坚持立德树人的基本导向，团结和凝聚广大同学，按照自愿、自主、自发原则，善用网络技术和新媒体，开展主题鲜明、健康有益、丰富多彩的线上和线下课外活动，繁荣校园文化，培养同学的社会责任感、创新精神和实践能力，提升同学综合素质，促进同学成长成才。</p>\r\n\r\n<p>　　《办法》指出，高校党委统一领导本校学生社团工作，要把加强和改进学生社团工作，作为高校贯彻党的教育方针、推进素质教育的重要组成部分，纳入高校整体工作中。高校团委履行本校学生社团工作的主要管理职能，应设立专门管理机构，配备工作人员，切实承担起学生社团的成立、年审、注销、组织建设、活动管理、经费管理和工作保障等工作。可根据实际工作需要，设立学生社团团工委，建立健全团组织。高校学生会组织要在校内学生组织中发挥枢纽型作用，配合团组织加强对学生社团的引导、服务和联系。</p>\r\n\r\n<p>　　《办法》指出，高校学生社团一般分为思想政治类、学术科技类、创新创业类、文化体育类、志愿公益类、自律互助类及其他类等。学生群众性组织（含团队运营的网络新媒体社团）须按学生社团登记注册。学生社团登记成立时，须按照一定类别向高校团委进行申请登记，按程序批准筹备成立的学生社团，应在相应工作日内召开社团会员大会，批准成立的学生社团应尽快以公告或其他方式宣布成立。要实行年审制度，及时做好学生社团事项变更的登记、章程的修改和注销等工作。</p>\r\n\r\n<p>　　《办法》指出，学生社团的成员应当是该校具有正式学籍的学生。社团成员有权了解所在社团的章程、组织机构和财务制度，有权对社团的管理和活动提出建议和质询，有权按照章程自由加入或退出该社团；社团成员应当定期注册，按章程缴纳会费，积极参加社团的各项活动。学生社团会员大会是学生社团的最高权力机构，依照本社团的章程行使职权。学生社团负责人应通过会员大会民主选举产生。社团指导教师必须是本校在职教职工。</p>\r\n\r\n<p>　　《办法》指出，学生社团举办活动须遵守高校相关规章制度，并按照相应的审批程序进行，不得在学生中散布违背宪法、法律、法规和党的路线方针政策的错误观点和言论，不得开展与其宗旨不符的活动，不得开展纯商业性活动。参与人数较多或在校外举办、参加的学生社团活动，要有预案，确保活动安全、有序地进行。同时加强对来自校外支持学生社团开展调研、交流、访问、培训等活动的审核和管理。原则上企业、社会机构不得在学校建立特定冠名的学生俱乐部、协会等社团。对于与企业、社会机构联系紧密的创新创业类社团，确需冠名，须经高校相关部门批准。高校团委要加强学生社团网络化建设管理工作。要加强对社团运营网站、新媒体平台、印发刊物的管理和指导，注重培养社团成员的网络文明意识，践行社会主义核心价值观，传播向上向善正能量。要重视网络新媒体社团的管理和引导。</p>\r\n', '2021-08-07', '2');
INSERT INTO `article` VALUES ('A20210807171026781', '大学中的英语社团，有哪些不错的活动？', 'B20200304111908715', 'upfiles/20210807171712.jpeg', '否', '否', '<div class=\"index-module_textWrap_3ygOc\" style=\"max-width: 100%; overflow-x: visible; font-size: 16px; line-height: 24px; font-family: arial;\">\r\n<p>英语社团举办了许多丰富多彩的活动，包括英语戏剧大赛、英语角、英语演讲比赛等等。</p>\r\n\r\n<p>&nbsp;</p>\r\n</div>\r\n\r\n<div class=\"index-module_textWrap_3ygOc\" style=\"max-width: 100%; overflow-x: visible; font-size: 16px; line-height: 24px; margin-top: 22px; font-family: arial;\">\r\n<p>&nbsp;</p>\r\n\r\n<p>一、英语戏剧</p>\r\n\r\n<p>&nbsp;</p>\r\n</div>\r\n\r\n<div class=\"index-module_textWrap_3ygOc\" style=\"max-width: 100%; overflow-x: visible; font-size: 16px; line-height: 24px; margin-top: 22px; font-family: arial;\">\r\n<p>&nbsp;</p>\r\n\r\n<p>英语戏剧大赛是英语社团的一大活动之一，此项活动是讲英语与戏剧相结合。戏剧是一种十分综合性的艺术形式，它可以帮助英语社团成员提高各方面的能力，包括语言、演绎、舞蹈、音乐等。此项活动还可以帮助大家了解中外文化，增强自己的文化底蕴。戏剧比赛和英语相结合，最重要的是还可以提高成员的英语能力，它考研着成员临场的英语应变能力。一场完美戏剧离不开每个成员的努力，更是锻炼了团队合作能力，有助于社团的发展。是英语社团一项十分有意思的活动之一，非常值得参加。</p>\r\n\r\n<p>&nbsp;</p>\r\n</div>\r\n\r\n<div class=\"index-module_mediaWrap_213jB\" style=\"max-width: 100%; overflow-x: visible; display: flex; margin-top: 36px; color: rgb(0, 0, 0); font-family: arial; font-size: 12px;\">\r\n<div class=\"index-module_contentImg_JmmC0\" style=\"display: flex; -webkit-box-orient: vertical; -webkit-box-direction: normal; flex-direction: column; -webkit-box-align: center; align-items: center; width: 599px;\"><img class=\"index-module_large_1mscr\" src=\"https://pics3.baidu.com/feed/d1160924ab18972b44d78700540a97819c510a5f.jpeg?token=a4ab8b3aa6fd81ced36bf2e2292a2182\" style=\"border-radius:13px; border:0px; width:599px\" /></div>\r\n</div>\r\n\r\n<div class=\"index-module_textWrap_3ygOc\" style=\"max-width: 100%; overflow-x: visible; font-size: 16px; line-height: 24px; margin-top: 36px; font-family: arial;\">\r\n<p>&nbsp;</p>\r\n\r\n<p>二、英语角</p>\r\n\r\n<p>&nbsp;</p>\r\n</div>\r\n\r\n<div class=\"index-module_textWrap_3ygOc\" style=\"max-width: 100%; overflow-x: visible; font-size: 16px; line-height: 24px; margin-top: 22px; font-family: arial;\">\r\n<p>&nbsp;</p>\r\n\r\n<p>此项活动是英语社团最常见的活动，举办时间多选择周末。地点较为随机，教室、操场等。此项活动注重培养学生的英语口头表达能力，在这项活动当中成员可以结交更多的新朋友，成员通过交流提高了英语表达能力，结交了志趣相投的朋友，何乐而不为。但此项活动最有意思的一点在于会有外国友人的参加(外国老师、外国学生)，可以营造一种语言环境，成员们与外国友人进行交流可以了解外国文化、风俗等各个方面，是十分新奇的一种活动。这项活动综合培养了成员听、说的能力。</p>\r\n</div>\r\n', '2021-08-07', '2');
COMMIT;

-- ----------------------------
-- Table structure for asign
-- ----------------------------
DROP TABLE IF EXISTS `asign`;
CREATE TABLE `asign` (
  `asignid` varchar(255) NOT NULL,
  `usersid` varchar(255) DEFAULT NULL,
  `activitiesid` varchar(255) DEFAULT NULL,
  `addtime` varchar(255) DEFAULT NULL,
  `status` varchar(255) DEFAULT NULL,
  PRIMARY KEY (`asignid`)
) ENGINE=InnoDB DEFAULT CHARSET=utf8;

-- ----------------------------
-- Records of asign
-- ----------------------------
BEGIN;
INSERT INTO `asign` VALUES ('A20200304114222106', 'U20200304113806523', 'A20200304113527267', '2021-08-21', '已确认');
INSERT INTO `asign` VALUES ('A20200304123725442', 'U20200304123641422', 'A20200304123346894', '2021-08-21', '已确认');
INSERT INTO `asign` VALUES ('A20200304123730390', 'U20200304123641422', 'A20200304113527267', '2021-08-21', '已确认');
COMMIT;

-- ----------------------------
-- Table structure for banner
-- ----------------------------
DROP TABLE IF EXISTS `banner`;
CREATE TABLE `banner` (
  `bannerid` varchar(255) NOT NULL,
  `bannername` varchar(255) DEFAULT NULL,
  `addtime` varchar(255) DEFAULT NULL,
  `memo` varchar(255) DEFAULT NULL,
  PRIMARY KEY (`bannerid`)
) ENGINE=InnoDB DEFAULT CHARSET=utf8;

-- ----------------------------
-- Records of banner
-- ----------------------------
BEGIN;
INSERT INTO `banner` VALUES ('B20200304111908715', '新闻公告', '2021-08-21', '新闻公告');
INSERT INTO `banner` VALUES ('B20200304111915538', '规章制度', '2021-08-21', '规章制度');
COMMIT;

-- ----------------------------
-- Table structure for bbs
-- ----------------------------
DROP TABLE IF EXISTS `bbs`;
CREATE TABLE `bbs` (
  `bbsid` varchar(255) NOT NULL,
  `usersid` varchar(255) DEFAULT NULL,
  `title` varchar(255) DEFAULT NULL,
  `contents` varchar(255) DEFAULT NULL,
  `addtime` varchar(255) DEFAULT NULL,
  `hits` varchar(255) DEFAULT NULL,
  `repnum` varchar(255) DEFAULT NULL,
  PRIMARY KEY (`bbsid`)
) ENGINE=InnoDB DEFAULT CHARSET=utf8;

-- ----------------------------
-- Records of bbs
-- ----------------------------
BEGIN;
INSERT INTO `bbs` VALUES ('B20200304114458223', 'U20200304113806523', '有没有一起参加歌唱大赛的啊？', '<p>有没有一起参加歌唱大赛的啊？</p>\r\n', '2021-08-21 11:44:58', '8', '2');
INSERT INTO `bbs` VALUES ('B20200304123708344', 'U20200304123641422', '我想参加社团', '<p>我想参加社团</p>\r\n', '2021-08-21 12:37:08', '3', '1');
COMMIT;

-- ----------------------------
-- Table structure for cate
-- ----------------------------
DROP TABLE IF EXISTS `cate`;
CREATE TABLE `cate` (
  `cateid` varchar(255) NOT NULL,
  `catename` varchar(255) DEFAULT NULL,
  `memo` varchar(255) DEFAULT NULL,
  PRIMARY KEY (`cateid`)
) ENGINE=InnoDB DEFAULT CHARSET=utf8;

-- ----------------------------
-- Records of cate
-- ----------------------------
BEGIN;
INSERT INTO `cate` VALUES ('C20200304114127970', '资金申请', '资金申请');
INSERT INTO `cate` VALUES ('C20200304114134877', '人员申请', '人员申请');
INSERT INTO `cate` VALUES ('C20200304114143438', '物品申请', '物品申请');
COMMIT;

-- ----------------------------
-- Table structure for rebbs
-- ----------------------------
DROP TABLE IF EXISTS `rebbs`;
CREATE TABLE `rebbs` (
  `rebbsid` varchar(255) NOT NULL,
  `usersid` varchar(255) DEFAULT NULL,
  `bbsid` varchar(255) DEFAULT NULL,
  `contents` varchar(255) DEFAULT NULL,
  `addtime` varchar(255) DEFAULT NULL,
  PRIMARY KEY (`rebbsid`)
) ENGINE=InnoDB DEFAULT CHARSET=utf8;

-- ----------------------------
-- Records of rebbs
-- ----------------------------
BEGIN;
INSERT INTO `rebbs` VALUES ('R20200304114548719', 'U20200304113806523', 'B20200304114458223', '<p>我也想参加</p>\r\n', '2021-08-21 11:45:48');
INSERT INTO `rebbs` VALUES ('R20200304123715734', 'U20200304123641422', 'B20200304123708344', '<p>好的，报名吧</p>\r\n', '2021-08-21 12:37:15');
INSERT INTO `rebbs` VALUES ('R20210807172203436', 'U20200304123641422', 'B20200304114458223', '<p>一起参加，哈哈！</p>\r\n', '2021-08-07 17:22:03');
COMMIT;

-- ----------------------------
-- Table structure for users
-- ----------------------------
DROP TABLE IF EXISTS `users`;
CREATE TABLE `users` (
  `usersid` varchar(255) NOT NULL,
  `username` varchar(255) DEFAULT NULL,
  `password` varchar(255) DEFAULT NULL,
  `realname` varchar(255) DEFAULT NULL,
  `sex` varchar(255) DEFAULT NULL,
  `birthday` varchar(255) DEFAULT NULL,
  `contact` varchar(255) DEFAULT NULL,
  `image` varchar(255) DEFAULT NULL,
  `status` varchar(255) DEFAULT NULL,
  `regdate` varchar(255) DEFAULT NULL,
  PRIMARY KEY (`usersid`)
) ENGINE=InnoDB DEFAULT CHARSET=utf8;

-- ----------------------------
-- Records of users
-- ----------------------------
BEGIN;
INSERT INTO `users` VALUES ('U20200304113806523', 'lisi', '123', '李四', '男', '1999-08-21', '13444444444', 'upfiles/20200304113805.png', '正常', '2021-08-21');
INSERT INTO `users` VALUES ('U20200304123641422', 'zhangsan', '123', '张三', '男', '1998-04-15', '13777777777', 'upfiles/20210807172225.png', '正常', '2021-08-21');
INSERT INTO `users` VALUES ('U20210807175745239', 'wangwu', '123', '王五', '男', '1998-08-11', '13666666666', 'upfiles/20210807175742.png', '正常', '2021-08-07');
COMMIT;

SET FOREIGN_KEY_CHECKS = 1;
